{
  "generated_at": "2026-03-23T09:25:12.332396",
  "trade_date": "20260320",
  "t_day_summary": {
    "total_candidates": 10,
    "top_scores": [
      {
        "ts_code": "603687.SH",
        "name": "大胜达",
        "trade_date": "20260320",
        "close": 13.39,
        "pct_chg": 10.02,
        "industry": "包装印刷",
        "basic_score": 173.1057879563186,
        "total_score": 173.1057879563186,
        "score_details": {
          "first_limit_time": 30.0,
          "order_quality": 25.0,
          "liquidity": 5.105787956318612,
          "money_flow": 10.0,
          "sector": 3.0,
          "dragon_list": 100.0,
          "sentiment": 0
        },
        "first_limit_time": "92502",
        "seal_ratio": 5.866358420137448,
        "seal_to_mv": 0.049490190857035606,
        "fd_amount": 364491626.0,
        "amount": 62132519.0,
        "float_mv": 7364926658.96,
        "turnover_rate": 0.84,
        "turnover_20ma_ratio": 0.9467363868955834,
        "volume_ratio": 0.27,
        "main_net_amount": 16524800.0,
        "main_net_ratio": 26.6,
        "medium_net_amount": -9085100.0,
        "is_hot_sector": false,
        "dragon_score": 100.0,
        "sentiment_score": 0
      },
      {
        "ts_code": "002256.SZ",
        "name": "兆新股份",
        "trade_date": "20260320",
        "close": 4.49,
        "pct_chg": 10.05,
        "industry": "电力",
        "basic_score": 167.65135950403737,
        "total_score": 167.65135950403737,
        "score_details": {
          "first_limit_time": 30.0,
          "order_quality": 15.137858542457698,
          "liquidity": 9.513500961579672,
          "money_flow": 10.0,
          "sector": 3.0,
          "dragon_list": 100.0,
          "sentiment": 0
        },
        "first_limit_time": "93151",
        "seal_ratio": 0.06892927122884918,
        "seal_to_mv": 0.009710674243241029,
        "fd_amount": 85069488.0,
        "amount": 1234156208.0,
        "float_mv": 8760410026.03,
        "turnover_rate": 14.2,
        "turnover_20ma_ratio": 1.0440502884739014,
        "volume_ratio": 1.22,
        "main_net_amount": 516466400.0,
        "main_net_ratio": 41.85,
        "medium_net_amount": -261622400.00000003,
        "is_hot_sector": false,
        "dragon_score": 100.0,
        "sentiment_score": 0
      },
      {
        "ts_code": "002150.SZ",
        "name": "正泰电源",
        "trade_date": "20260320",
        "close": 34.88,
        "pct_chg": 10.0,
        "industry": "通用设备",
        "basic_score": 149.62208766025762,
        "total_score": 149.62208766025762,
        "score_details": {
          "first_limit_time": 30.0,
          "order_quality": 15.328371461549981,
          "liquidity": 8.918716198707642,
          "money_flow": 10.0,
          "sector": 3.0,
          "dragon_list": 82.375,
          "sentiment": 0
        },
        "first_limit_time": "93718",
        "seal_ratio": 0.1641857307749905,
        "seal_to_mv": 0.013517665272406694,
        "fd_amount": 169052582.0,
        "amount": 1029642352.0,
        "float_mv": 12506048832.64,
        "turnover_rate": 8.37,
        "turnover_20ma_ratio": 1.105614859612293,
        "volume_ratio": 0.74,
        "main_net_amount": 308750800.0,
        "main_net_ratio": 29.99,
        "medium_net_amount": -161946000.0,
        "is_hot_sector": false,
        "dragon_score": 82.375,
        "sentiment_score": 0
      },
      {
        "ts_code": "000862.SZ",
        "name": "银星能源",
        "trade_date": "20260320",
        "close": 8.44,
        "pct_chg": 10.04,
        "industry": "电力",
        "basic_score": 147.52404433490062,
        "total_score": 147.52404433490062,
        "score_details": {
          "first_limit_time": 18.0,
          "order_quality": 15.126182560109557,
          "liquidity": 10.522861774791071,
          "money_flow": 10.0,
          "sector": 3.0,
          "dragon_list": 90.875,
          "sentiment": 0
        },
        "first_limit_time": "110645",
        "seal_ratio": 0.0630912800547781,
        "seal_to_mv": 0.01349154459439438,
        "fd_amount": 71505756.0,
        "amount": 1133369872.0,
        "float_mv": 5300042222.72,
        "turnover_rate": 22.39,
        "turnover_20ma_ratio": 1.6718585324373214,
        "volume_ratio": 2.07,
        "main_net_amount": 266165099.99999997,
        "main_net_ratio": 23.48,
        "medium_net_amount": -118985900.0,
        "is_hot_sector": false,
        "dragon_score": 90.875,
        "sentiment_score": 0
      },
      {
        "ts_code": "300827.SZ",
        "name": "上能电气",
        "trade_date": "20260320",
        "close": 44.93,
        "pct_chg": 20.01,
        "industry": "光伏设备",
        "basic_score": 137.83981949302006,
        "total_score": 137.83981949302006,
        "score_details": {
          "first_limit_time": 24.0,
          "order_quality": 15.021168450102467,
          "liquidity": 12.443651042917583,
          "money_flow": 10.0,
          "sector": 10.0,
          "dragon_list": 66.375,
          "sentiment": 0
        },
        "first_limit_time": "102403",
        "seal_ratio": 0.010584225051233416,
        "seal_to_mv": 0.0035340678258589764,
        "fd_amount": 61171296.0,
        "amount": 5779478016.0,
        "float_mv": 17309032823.99,
        "turnover_rate": 34.83,
        "turnover_20ma_ratio": 1.783095312875275,
        "volume_ratio": 3.92,
        "main_net_amount": 1172966400.0,
        "main_net_ratio": 20.3,
        "medium_net_amount": -799825500.0,
        "is_hot_sector": true,
        "dragon_score": 66.375,
        "sentiment_score": 0
      }
    ]
  },
  "t1_recommendations": [
    {
      "ts_code": "603687.SH",
      "name": "大胜达",
      "t_date": "20260320",
      "t1_date": "20260323",
      "t_day_score": 173.1057879563186,
      "auction_score": 74.738284,
      "final_score": 143.595536769423,
      "auction_data": {
        "open_change_pct": 10.024650780608058,
        "auction_volume_ratio": 2.99766,
        "auction_turnover_rate": 0.0932679,
        "auction_amount": 6869110.0,
        "auction_volume_to_t_volume": 11.055579716297812,
        "auction_volume": 513003.0,
        "t_day_volume": 46402.18,
        "data_source": "realtime"
      },
      "recommendation": {
        "position": 0.2,
        "confidence": "高",
        "reasons": [
          "竞价大幅高开(>5%)",
          "竞价量比放大(2-3)",
          "竞价成交量极强(>30%，热度高度延续)"
        ],
        "action": "买入"
      }
    },
    {
      "ts_code": "002150.SZ",
      "name": "正泰电源",
      "t_date": "20260320",
      "t1_date": "20260323",
      "t_day_score": 149.62208766025762,
      "auction_score": 40.801610688291404,
      "final_score": 116.97594456866776,
      "auction_data": {
        "open_change_pct": 1.8921475875118303,
        "auction_volume_ratio": 0.993834,
        "auction_turnover_rate": 0.112299,
        "auction_amount": 13009395.33,
        "auction_volume_to_t_volume": 1.3419882442252424,
        "auction_volume": 402643.0,
        "t_day_volume": 300034.67,
        "data_source": "realtime"
      },
      "recommendation": {
        "position": 0.2,
        "confidence": "高",
        "reasons": [
          "竞价小幅高开(0-3%)",
          "竞价成交量极强(>30%，热度高度延续)"
        ],
        "action": "买入"
      }
    },
    {
      "ts_code": "002310.SZ",
      "name": "东方新能",
      "t_date": "20260320",
      "t1_date": "20260323",
      "t_day_score": 128.44350303115763,
      "auction_score": 74.50211443037973,
      "final_score": 112.26108645092425,
      "auction_data": {
        "open_change_pct": 2.84810126582278,
        "auction_volume_ratio": 4.88344,
        "auction_turnover_rate": 0.51255,
        "auction_amount": 69947176.0,
        "auction_volume_to_t_volume": 2.8034905649868054,
        "auction_volume": 21522208.0,
        "t_day_volume": 7676932.56,
        "data_source": "realtime"
      },
      "recommendation": {
        "position": 0.2,
        "confidence": "高",