{
  "generated_at": "2026-03-05T09:26:06.783879",
  "trade_date": "20260304",
  "t_day_summary": {
    "total_candidates": 10,
    "top_scores": [
      {
        "ts_code": "605268.SH",
        "name": "王力安防",
        "trade_date": "20260304",
        "close": 11.52,
        "pct_chg": 10.03,
        "industry": "家居用品",
        "basic_score": 169.77649915403123,
        "total_score": 169.77649915403123,
        "score_details": {
          "first_limit_time": 30.0,
          "order_quality": 16.272067560192752,
          "liquidity": 10.50443159383847,
          "money_flow": 10.0,
          "sector": 3.0,
          "dragon_list": 100.0,
          "sentiment": 0
        },
        "first_limit_time": "95406",
        "seal_ratio": 0.6360337800963767,
        "seal_to_mv": 0.013115716664239184,
        "fd_amount": 66132864.0,
        "amount": 103976968.0,
        "float_mv": 5042260800.0,
        "turnover_rate": 2.1,
        "turnover_20ma_ratio": 1.0113294781515412,
        "volume_ratio": 1.88,
        "main_net_amount": 33571000.0,
        "main_net_ratio": 32.29,
        "medium_net_amount": -16145700.0,
        "is_hot_sector": false,
        "dragon_score": 100.0,
        "sentiment_score": 0
      },
      {
        "ts_code": "300265.SZ",
        "name": "通光线缆",
        "trade_date": "20260304",
        "close": 17.88,
        "pct_chg": 20.0,
        "industry": "电网设备",
        "basic_score": 167.55373841762432,
        "total_score": 167.55373841762432,
        "score_details": {
          "first_limit_time": 30.0,
          "order_quality": 15.212950193304625,
          "liquidity": 7.71578822431969,
          "money_flow": 10.0,
          "sector": 10.0,
          "dragon_list": 94.625,
          "sentiment": 0
        },
        "first_limit_time": "95103",
        "seal_ratio": 0.1064750966523126,
        "seal_to_mv": 0.017475977074676713,
        "fd_amount": 146017985.0,
        "amount": 1371381568.0,
        "float_mv": 8355354574.8,
        "turnover_rate": 17.23,
        "turnover_20ma_ratio": 0.9347364672959072,
        "volume_ratio": 0.96,
        "main_net_amount": 359725899.99999994,
        "main_net_ratio": 26.23,
        "medium_net_amount": -188004600.0,
        "is_hot_sector": true,
        "dragon_score": 94.625,
        "sentiment_score": 0
      },
      {
        "ts_code": "301129.SZ",
        "name": "瑞纳智能",
        "trade_date": "20260304",
        "close": 29.23,
        "pct_chg": 19.99,
        "industry": "通用设备",
        "basic_score": 152.009892024456,
        "total_score": 152.009892024456,
        "score_details": {
          "first_limit_time": 12.0,
          "order_quality": 15.585806777608422,
          "liquidity": 11.42408524684758,
          "money_flow": 10.0,
          "sector": 3.0,
          "dragon_list": 100.0,
          "sentiment": 0
        },
        "first_limit_time": "131445",
        "seal_ratio": 0.29290338880421096,
        "seal_to_mv": 0.028242748840191605,
        "fd_amount": 54718560.0,
        "amount": 186814363.0,
        "float_mv": 1937437475.0,
        "turnover_rate": 10.24,
        "turnover_20ma_ratio": 0.7272255740542742,
        "volume_ratio": 3.95,
        "main_net_amount": 63460400.0,
        "main_net_ratio": 33.97,
        "medium_net_amount": -35554300.0,
        "is_hot_sector": false,
        "dragon_score": 100.0,
        "sentiment_score": 0
      },
      {
        "ts_code": "300880.SZ",
        "name": "迦南智能",
        "trade_date": "20260304",
        "close": 23.22,
        "pct_chg": 20.0,
        "industry": "电网设备",
        "basic_score": 143.71214237847306,
        "total_score": 143.71214237847306,
        "score_details": {
          "first_limit_time": 12.0,
          "order_quality": 15.08371660807003,
          "liquidity": 10.603425770403035,
          "money_flow": 10.0,
          "sector": 10.0,
          "dragon_list": 86.025,
          "sentiment": 0
        },
        "first_limit_time": "134654",
        "seal_ratio": 0.04185830403501491,
        "seal_to_mv": 0.005620668419713166,
        "fd_amount": 25465025.0,
        "amount": 608362560.0,
        "float_mv": 4530604386.96,
        "turnover_rate": 14.17,
        "turnover_20ma_ratio": 0.4810277311209104,
        "volume_ratio": 6.64,
        "main_net_amount": 102224100.0,
        "main_net_ratio": 16.8,
        "medium_net_amount": -57990500.0,
        "is_hot_sector": true,
        "dragon_score": 86.025,
        "sentiment_score": 0
      },
      {
        "ts_code": "600821.SH",
        "name": "金开新能",
        "trade_date": "20260304",
        "close": 7.87,
        "pct_chg": 10.07,
        "industry": "电力",
        "basic_score": 141.75036055820414,
        "total_score": 141.75036055820414,
        "score_details": {
          "first_limit_time": 30.0,
          "order_quality": 15.103743032331922,
          "liquidity": 6.696617525872224,
          "money_flow": 10.0,
          "sector": 3.0,
          "dragon_list": 76.94999999999999,
          "sentiment": 0
        },
        "first_limit_time": "93828",
        "seal_ratio": 0.0518715161659609,
        "seal_to_mv": 0.007384829434651252,
        "fd_amount": 116078171.0,
        "amount": 2237801776.0,
        "float_mv": 15718463375.11,
        "turnover_rate": 14.53,
        "turnover_20ma_ratio": 0.2839852577616671,
        "volume_ratio": 1.05,
        "main_net_amount": 353509200.0,
        "main_net_ratio": 15.8,
        "medium_net_amount": -171395700.0,
        "is_hot_sector": false,
        "dragon_score": 76.94999999999999,
        "sentiment_score": 0
      }
    ]
  },
  "t1_recommendations": [
    {
      "ts_code": "001309.SZ",
      "name": "德明利",
      "t_date": "20260304",
      "t1_date": "20260305",
      "t_day_score": 137.04492276192482,
      "auction_score": 82.29339746392655,
      "final_score": 120.61946517252534,
      "auction_data": {
        "open_change_pct": 4.9409707039790165,
        "auction_volume_ratio": 5.93756,
        "auction_turnover_rate": 0.329509,
        "auction_amount": 127224000.0,
        "auction_volume_to_t_volume": 2.709370558173268,
        "auction_volume": 530100.0,
        "t_day_volume": 195654.3,
        "data_source": "realtime"
      },
      "recommendation": {
        "position": 0.2,
        "confidence": "高",
        "reasons": [
          "竞价高开(3-5%)",
          "竞价量比极高(>3)",
          "竞价成交量极强(>30%，热度高度延续)"
        ],
        "action": "买入"
      }
    }
  ],
  "market_condition": {
    "condition": "正常",
    "risk_level": "低",
    "risk_score": 2,
    "suggestion": "可适当增加仓位",
    "position_multiplier": 1.0,
    "financing_balance": 2617107659727.0,
    "margin_balance": 17199337566.0,
    "financing_change_pct": -0.633142934484505,
    "margin_change_pct": -1.8746088170475028,
    "financing_buy_repay_ratio": 0.9624953233492126,
    "market_data": {
      "trade_date": "20260304",
      "total_financing_balance": 2617107659727.0,
      "total_margin_balance": 17199337566.0,
      "total_financing_margin_balance": 2634306997293.0,
      "financing_change_ratio": -0.633142934484505,
      "margin_change_ratio": -1.8746088170475028,
      "financing_buy_ratio": 0.9624953233492126,
      "sse_data": {
        "financing_balance": 1331597450973.0,
        "financing_buy": 109803854131.0,
        "financing_repay": 112055801201.0,
        "margin_balance": 11645978551.0,
        "margin_sell": 75145567.0,
        "total_balance": 1343243429524.0,
        "margin_remaining": 2235858091.0
      },
      "szse_data": {
        "financing_balance": 1285510208754.0,
        "financing_buy": 100891286889.0,
        "financing_repay": 106849305046.0,
        "margin_balance": 5553359015.0,
        "margin_sell": 28671034.0,
        "total_balance": 1291063567769.0,
        "margin_remaining": 692362139.0
      }
    }
  },
  "next_steps": [
    "监控推荐股票的盘中表现",
    "设置止损位（建议-6%）",
    "关注大盘走势变化"
  ],
  "is_trading_hours": true
}