{
  "generated_at": "2026-03-17T09:43:37.049429",
  "trade_date": "20260316",
  "t_day_summary": {
    "total_candidates": 10,
    "top_scores": [
      {
        "ts_code": "600396.SH",
        "name": "华电辽能",
        "trade_date": "20260316",
        "close": 4.27,
        "pct_chg": 10.05,
        "industry": "电力",
        "basic_score": 166.06095684335494,
        "total_score": 166.06095684335494,
        "score_details": {
          "first_limit_time": 30.0,
          "order_quality": 16.155371315227764,
          "liquidity": 6.905585528127167,
          "money_flow": 10.0,
          "sector": 3.0,
          "dragon_list": 100.0,
          "sentiment": 0
        },
        "first_limit_time": "92500",
        "seal_ratio": 0.5776856576138828,
        "seal_to_mv": 0.03092958856389849,
        "fd_amount": 194499422.0,
        "amount": 336687296.0,
        "float_mv": 6288458108.59,
        "turnover_rate": 5.35,
        "turnover_20ma_ratio": 0.6466756584381502,
        "volume_ratio": 0.45,
        "main_net_amount": 171744500.0,
        "main_net_ratio": 51.01,
        "medium_net_amount": -89780200.0,
        "is_hot_sector": false,
        "dragon_score": 100.0,
        "sentiment_score": 0,
        "sentiment_analysis": NaN,
        "sentiment_adjustment": NaN
      },
      {
        "ts_code": "000617.SZ",
        "name": "中油资本",
        "trade_date": "20260316",
        "close": 9.77,
        "pct_chg": 10.02,
        "industry": "多元金融",
        "basic_score": 164.00369733527407,
        "total_score": 164.00369733527407,
        "score_details": {
          "first_limit_time": 30.0,
          "order_quality": 15.109489271919111,
          "liquidity": 17.219208063354934,
          "money_flow": 10.0,
          "sector": 3.0,
          "dragon_list": 88.67500000000001,
          "sentiment": -2.0
        },
        "first_limit_time": "92500",
        "seal_ratio": 0.05474463595955572,
        "seal_to_mv": 0.001832580211379487,
        "fd_amount": 226347686.0,
        "amount": 4134609392.0,
        "float_mv": 123513112601.83,
        "turnover_rate": 3.35,
        "turnover_20ma_ratio": 2.4657624190064795,
        "volume_ratio": 4.59,
        "main_net_amount": 983998800.0,
        "main_net_ratio": 23.8,
        "medium_net_amount": -607279200.0,
        "is_hot_sector": false,
        "dragon_score": 88.67500000000001,
        "sentiment_score": -2,
        "sentiment_analysis": NaN,
        "sentiment_adjustment": NaN
      },
      {
        "ts_code": "002426.SZ",
        "name": "胜利精密",
        "trade_date": "20260316",
        "close": 4.47,
        "pct_chg": 10.1,
        "industry": "消费电子",
        "basic_score": 144.72229431352687,
        "total_score": 144.72229431352687,
        "score_details": {
          "first_limit_time": 24.0,
          "order_quality": 15.145334118799243,
          "liquidity": 12.201960194727624,
          "money_flow": 10.0,
          "sector": 3.0,
          "dragon_list": 80.375,
          "sentiment": 0.0
        },
        "first_limit_time": "105427",
        "seal_ratio": 0.07266705939962108,
        "seal_to_mv": 0.01048445340116541,
        "fd_amount": 159464568.0,
        "amount": 2194454672.0,
        "float_mv": 15209621512.77,
        "turnover_rate": 14.83,
        "turnover_20ma_ratio": 1.4205880584182875,
        "volume_ratio": 2.08,
        "main_net_amount": 435455500.0,
        "main_net_ratio": 19.84,
        "medium_net_amount": -227069400.0,
        "is_hot_sector": false,
        "dragon_score": 80.375,
        "sentiment_score": 0,
        "sentiment_analysis": {
          "enabled": true,
          "score": 0.0,
          "sentiment": "neutral",
          "news_count": 5,
          "positive_count": 0,
          "negative_count": 0,
          "neutral_count": 5,
          "news": [
            {
              "title": "胜利精密涨停，龙虎榜上机构买入8865.71万元，卖出1236.74万元",
              "date": "2026-03-16 17:12:17",
              "sentiment": "neutral",
              "source": ""
            },
            {
              "title": "胜利精密涨停，龙虎榜上机构买入8865.71万元，卖出1236.74万元",
              "date": "2026-03-16 17:12:17",
              "sentiment": "neutral",
              "source": ""
            },
            {
              "title": "胜利精密：已取得头部客户复合铜箔技术授权，深化产业链协同",
              "date": "2026-03-04 18:10:28",
              "sentiment": "neutral",
              "source": ""
            },
            {
              "title": "胜利精密：公司复合集流体项目正在有序推进中",
              "date": "2026-02-12 19:42:00",
              "sentiment": "neutral",
              "source": ""
            },
            {
              "title": "胜利精密：公司已经取得头部客户关于复合铜箔产品的技术授权，双方正在积极推动后续合作事项",
              "date": "2026-02-06 09:02:00",
              "sentiment": "neutral",
              "source": ""
            }
          ]
        },
        "sentiment_adjustment": 0.0
      },
      {
        "ts_code": "603929.SH",
        "name": "亚翔集成",
        "trade_date": "20260316",
        "close": 154.91,
        "pct_chg": 10.0,
        "industry": "专业工程",
        "basic_score": 130.30972398305016,
        "total_score": 130.30972398305016,
        "score_details": {
          "first_limit_time": 30.0,
          "order_quality": 15.256953673211452,
          "liquidity": 12.932770309838716,
          "money_flow": 9.245000000000001,
          "sector": 3.0,
          "dragon_list": 59.875,
          "sentiment": 0
        },
        "first_limit_time": "94908",
        "seal_ratio": 0.128476836605726,
        "seal_to_mv": 0.00548168821346173,
        "fd_amount": 181178553.0,
        "amount": 1410204032.0,
        "float_mv": 33051597600.0,
        "turnover_rate": 4.34,
        "turnover_20ma_ratio": 1.179831092951615,
        "volume_ratio": 3.03,
        "main_net_amount": 119726600.0,
        "main_net_ratio": 8.49,
        "medium_net_amount": -84037099.99999999,
        "is_hot_sector": false,
        "dragon_score": 59.875,
        "sentiment_score": 0,
        "sentiment_analysis": NaN,
        "sentiment_adjustment": NaN
      },
      {
        "ts_code": "600313.SH",
        "name": "农发种业",
        "trade_date": "20260316",
        "close": 9.08,
        "pct_chg": 10.06,
        "industry": "种植业",
        "basic_score": 128.80511115171774,
        "total_score": 128.80511115171774,
        "score_details": {
          "first_limit_time": 30.0,
          "order_quality": 15.091539202966972,
          "liquidity": 6.938571948750775,
          "money_flow": 10.0,
          "sector": 3.0,
          "dragon_list": 63.775,
          "sentiment": 0
        },
        "first_limit_time": "93913",
        "seal_ratio": 0.04576960148348625,
        "seal_to_mv": 0.007696738394510472,
        "fd_amount": 75630952.0,
        "amount": 1652427584.0,
        "float_mv": 9826363860.04,
        "turnover_rate": 17.01,
        "turnover_20ma_ratio": 0.2965715846252325,
        "volume_ratio": 1.77,
        "main_net_amount": 467856800.0,
        "main_net_ratio": 28.31,
        "medium_net_amount": -200482000.0,
        "is_hot_sector": false,
        "dragon_score": 63.775,
        "sentiment_score": 0,
        "sentiment_analysis": NaN,
        "sentiment_adjustment": NaN
      }
    ]
  },
  "t1_recommendations": [
    {
      "ts_code": "002426.SZ",
      "name": "胜利精密",
      "t_date": "20260316",
      "t1_date": "20260317",
      "t_day_score": 144.72229431352687,
      "auction_score": 68.91498881431767,
      "final_score": 121.98010266376411,
      "auction_data": {
        "open_change_pct": 1.1185682326621884,
        "auction_volume_ratio": 7.44119,
        "auction_turnover_rate": 0.636234,
        "auction_amount": 97851220.0,
        "auction_volume_to_t_volume": 4.289347797598872,
        "auction_volume": 21648500.0,
        "t_day_volume": 5047037.69,
        "data_source": "realtime"
      },
      "recommendation": {
        "position": 0.2,
        "confidence": "高",