{
  "generated_at": "2026-03-25T09:25:19.140096",
  "trade_date": "20260324",
  "t_day_summary": {
    "total_candidates": 10,
    "top_scores": [
      {
        "ts_code": "300385.SZ",
        "name": "雪浪环境",
        "trade_date": "20260324",
        "close": 18.73,
        "pct_chg": 19.99,
        "industry": "环境治理",
        "basic_score": 171.11829094552533,
        "total_score": 171.11829094552533,
        "score_details": {
          "first_limit_time": 30.0,
          "order_quality": 15.35301173495053,
          "liquidity": 12.765279210574807,
          "money_flow": 10.0,
          "sector": 3.0,
          "dragon_list": 100.0,
          "sentiment": -2.0
        },
        "first_limit_time": "93042",
        "seal_ratio": 0.1765058674752649,
        "seal_to_mv": 0.014955771707039857,
        "fd_amount": 81420883.0,
        "amount": 461292784.0,
        "float_mv": 5444111116.09,
        "turnover_rate": 8.63,
        "turnover_20ma_ratio": 1.8195837631724416,
        "volume_ratio": 1.62,
        "main_net_amount": 50395300.0,
        "main_net_ratio": 10.92,
        "medium_net_amount": -32852000.0,
        "is_hot_sector": false,
        "dragon_score": 100.0,
        "sentiment_score": -2,
        "sentiment_analysis": NaN,
        "sentiment_adjustment": NaN
      },
      {
        "ts_code": "000677.SZ",
        "name": "恒天海龙",
        "trade_date": "20260324",
        "close": 4.93,
        "pct_chg": 10.04,
        "industry": "化学纤维",
        "basic_score": 156.27343945816108,
        "total_score": 156.27343945816108,
        "score_details": {
          "first_limit_time": 24.0,
          "order_quality": 15.41646128769656,
          "liquidity": 10.281978170464534,
          "money_flow": 10.0,
          "sector": 3.0,
          "dragon_list": 93.57499999999999,
          "sentiment": 0
        },
        "first_limit_time": "103515",
        "seal_ratio": 0.2082306438482797,
        "seal_to_mv": 0.022540555397588275,
        "fd_amount": 96009496.0,
        "amount": 461072848.0,
        "float_mv": 4259411283.64,
        "turnover_rate": 11.44,
        "turnover_20ma_ratio": 1.3695934511393602,
        "volume_ratio": 1.03,
        "main_net_amount": 101941200.00000001,
        "main_net_ratio": 22.11,
        "medium_net_amount": -43358000.0,
        "is_hot_sector": false,
        "dragon_score": 93.57499999999999,
        "sentiment_score": 0,
        "sentiment_analysis": NaN,
        "sentiment_adjustment": NaN
      },
      {
        "ts_code": "002498.SZ",
        "name": "汉缆股份",
        "trade_date": "20260324",
        "close": 8.8,
        "pct_chg": 10.0,
        "industry": "电网设备",
        "basic_score": 155.4165355600381,
        "total_score": 155.4165355600381,
        "score_details": {
          "first_limit_time": 30.0,
          "order_quality": 15.123878629155273,
          "liquidity": 11.142656930882836,
          "money_flow": 10.0,
          "sector": 3.0,
          "dragon_list": 86.15,
          "sentiment": 0
        },
        "first_limit_time": "93724",
        "seal_ratio": 0.06193931457763633,
        "seal_to_mv": 0.005568562952025148,
        "fd_amount": 163024162.0,
        "amount": 2631998160.0,
        "float_mv": 29275804800.0,
        "turnover_rate": 9.1,
        "turnover_20ma_ratio": 1.587797079264851,
        "volume_ratio": 1.11,
        "main_net_amount": 991006200.0,
        "main_net_ratio": 37.65,
        "medium_net_amount": -436337800.0,
        "is_hot_sector": false,
        "dragon_score": 86.15,
        "sentiment_score": 0,
        "sentiment_analysis": NaN,
        "sentiment_adjustment": NaN
      },
      {
        "ts_code": "002218.SZ",
        "name": "拓日新能",
        "trade_date": "20260324",
        "close": 7.25,
        "pct_chg": 10.02,
        "industry": "电力",
        "basic_score": 166.97494042023072,
        "total_score": 151.97494042023072,
        "score_details": {
          "first_limit_time": 30.0,
          "order_quality": 15.475717443275148,
          "liquidity": 7.799222976955566,
          "money_flow": 10.0,
          "sector": 10.0,
          "dragon_list": 93.7,
          "sentiment": -2.0
        },
        "first_limit_time": "93042",
        "seal_ratio": 0.23785872163757424,
        "seal_to_mv": 0.031196187582621156,
        "fd_amount": 314921998.0,
        "amount": 1323987600.0,
        "float_mv": 10094887305.25,
        "turnover_rate": 13.22,
        "turnover_20ma_ratio": 0.31476689308666955,
        "volume_ratio": 1.65,
        "main_net_amount": 180952500.0,
        "main_net_ratio": 13.67,
        "medium_net_amount": -72485900.0,
        "is_hot_sector": true,
        "dragon_score": 93.7,
        "sentiment_score": -2,
        "sentiment_analysis": {
          "enabled": true,
          "score": -2.0,
          "sentiment": "negative",
          "news_count": 5,
          "positive_count": 0,
          "negative_count": 1,
          "neutral_count": 4,
          "news": [
            {
              "title": "拓日新能：东方和鑫质押4.67%公司股份-索比光伏网",
              "date": "2026-03-24 20:26:46",
              "sentiment": "neutral",
              "source": ""
            },
            {
              "title": "拓日新能：股票交易异常波动，2025年预亏1.38亿至2.18亿元",
              "date": "2026-03-24 18:44:09",
              "sentiment": "negative",
              "source": ""
            },
            {
              "title": "拓日新能：控股股东深圳市奥欣投资发展有限公司解除质押6600.00万股",
              "date": "2026-03-24 18:51:00",
              "sentiment": "neutral",
              "source": ""
            },
            {
              "title": "拓日新能：公司在光伏清洁能源领域持续与诸多行业客户和产业链生态伙伴保持合作交流",
              "date": "2026-03-23 21:27:00",
              "sentiment": "neutral",
              "source": ""
            },
            {
              "title": "拓日新能龙虎榜数据（3月23日）",
              "date": "2026-03-23 17:11:00",
              "sentiment": "neutral",
              "source": ""
            }
          ]
        },
        "sentiment_adjustment": -15.0
      },
      {
        "ts_code": "300335.SZ",
        "name": "迪森股份",
        "trade_date": "20260324",
        "close": 8.4,
        "pct_chg": 20.0,
        "industry": "电力",
        "basic_score": 164.71153602897402,
        "total_score": 149.71153602897402,
        "score_details": {
          "first_limit_time": 24.0,
          "order_quality": 15.230285710639553,
          "liquidity": 8.031250318334449,
          "money_flow": 10.0,
          "sector": 10.0,
          "dragon_list": 97.45,
          "sentiment": -8.0
        },
        "first_limit_time": "103930",
        "seal_ratio": 0.11514285531977679,
        "seal_to_mv": 0.03165095568116947,
        "fd_amount": 102136171.0,
        "amount": 887038720.0,
        "float_mv": 3226953777.6,
        "turnover_rate": 28.92,
        "turnover_20ma_ratio": 0.9293750955003347,
        "volume_ratio": 2.06,
        "main_net_amount": 158039100.0,
        "main_net_ratio": 17.82,
        "medium_net_amount": -97901500.0,
        "is_hot_sector": true,
        "dragon_score": 97.45,
        "sentiment_score": -8,
        "sentiment_analysis": {
          "enabled": true,
          "score": -8.0,
          "sentiment": "negative",
          "news_count": 5,
          "positive_count": 0,
          "negative_count": 4,
          "neutral_count": 1,
          "news": [
            {
              "title": "迪森股份3月24日龙虎榜数据",
              "date": "2026-03-24 17:02:00",
              "sentiment": "neutral",
              "source": ""
            },
            {
              "title": "迪森股份：关于部分控股股东、实际控制人减持公司股份的预披露公告-证券日报网-证券日报网",
              "date": "2026-03-22 22:04:00",
              "sentiment": "negative",
              "source": ""
            },
            {
              "title": "迪森股份：实控人之一拟减持公司股份不超过1%",
              "date": "2026-03-22 16:33:10",
              "sentiment": "negative",