{
  "success": true,
  "trade_date": "20260213",
  "candidates": [
    {
      "ts_code": "605033.SH",
      "name": "美邦股份",
      "trade_date": "20260213",
      "close": 28.67,
      "pct_chg": 10.02,
      "industry": "农化制品",
      "basic_score": 177.4409268006518,
      "total_score": 177.4409268006518,
      "score_details": {
        "first_limit_time": 30.0,
        "order_quality": 25.0,
        "liquidity": 9.440926800651788,
        "money_flow": 10.0,
        "sector": 3.0,
        "dragon_list": 100.0,
        "sentiment": 0
      },
      "first_limit_time": "92503",
      "seal_ratio": 5.081897677448979,
      "seal_to_mv": 0.10328592450719573,
      "fd_amount": 400355248.0,
      "amount": 78780659.0,
      "float_mv": 3876184000.0,
      "turnover_rate": 2.03,
      "turnover_20ma_ratio": 1.2222780401955362,
      "volume_ratio": 0.82,
      "main_net_amount": 24700400.0,
      "main_net_ratio": 31.35,
      "medium_net_amount": -13675600.0,
      "is_hot_sector": false,
      "dragon_score": 100.0,
      "sentiment_score": 0
    },
    {
      "ts_code": "600984.SH",
      "name": "建设机械",
      "trade_date": "20260213",
      "close": 4.59,
      "pct_chg": 10.07,
      "industry": "工程机械",
      "basic_score": 172.5465776466372,
      "total_score": 172.5465776466372,
      "score_details": {
        "first_limit_time": 30.0,
        "order_quality": 15.075298508313756,
        "liquidity": 17.571279138323433,
        "money_flow": 10.0,
        "sector": 3.0,
        "dragon_list": 96.9,
        "sentiment": 0
      },
      "first_limit_time": "95045",
      "seal_ratio": 0.03764925415687795,
      "seal_to_mv": 0.0042020011353223,
      "fd_amount": 24244839.0,
      "amount": 643965984.0,
      "float_mv": 5769831615.75,
      "turnover_rate": 11.37,
      "turnover_20ma_ratio": 2.57138374149703,
      "volume_ratio": 3.54,
      "main_net_amount": 127212400.0,
      "main_net_ratio": 19.75,
      "medium_net_amount": -48014100.0,
      "is_hot_sector": false,
      "dragon_score": 96.9,
      "sentiment_score": 0
    },
    {
      "ts_code": "300449.SZ",
      "name": "汉邦高科",
      "trade_date": "20260213",
      "close": 9.18,
      "pct_chg": 20.0,
      "industry": "计算机设",
      "basic_score": 168.60504339286,
      "total_score": 168.60504339286,
      "score_details": {
        "first_limit_time": 30.0,
        "order_quality": 15.118668363932413,
        "liquidity": 10.486375028927593,
        "money_flow": 10.0,
        "sector": 3.0,
        "dragon_list": 100.0,
        "sentiment": 0
      },
      "first_limit_time": "93703",
      "seal_ratio": 0.0593341819662062,
      "seal_to_mv": 0.010106363255785778,
      "fd_amount": 35815035.0,
      "amount": 603615552.0,
      "float_mv": 3543810379.02,
      "turnover_rate": 17.48,
      "turnover_20ma_ratio": 0.7459125086782782,
      "volume_ratio": 4.01,
      "main_net_amount": 152742100.0,
      "main_net_ratio": 25.3,
      "medium_net_amount": -84595900.0,
      "is_hot_sector": false,
      "dragon_score": 100.0,
      "sentiment_score": 0
    },
    {
      "ts_code": "000859.SZ",
      "name": "国风新材",
      "trade_date": "20260213",
      "close": 11.97,
      "pct_chg": 10.02,
      "industry": "塑料",
      "basic_score": 150.96242418446522,
      "total_score": 150.96242418446522,
      "score_details": {
        "first_limit_time": 30.0,
        "order_quality": 15.08673893311356,
        "liquidity": 10.475685251351653,
        "money_flow": 10.0,
        "sector": 3.0,
        "dragon_list": 82.4,
        "sentiment": 0
      },
      "first_limit_time": "95936",
      "seal_ratio": 0.04336946655678042,
      "seal_to_mv": 0.0070669029705986795,
      "fd_amount": 75787061.0,
      "amount": 1747475056.0,
      "float_mv": 10724225493.87,
      "turnover_rate": 16.59,
      "turnover_20ma_ratio": 1.2927055754054961,
      "volume_ratio": 1.9,
      "main_net_amount": 713716600.0,
      "main_net_ratio": 40.84,
      "medium_net_amount": -375619600.0,
      "is_hot_sector": false,
      "dragon_score": 82.4,
      "sentiment_score": 0
    },
    {
      "ts_code": "002703.SZ",
      "name": "浙江世宝",
      "trade_date": "20260213",
      "close": 22.94,
      "pct_chg": 10.02,
      "industry": "汽车零部件",
      "basic_score": 150.95248383673726,
      "total_score": 150.95248383673726,
      "score_details": {
        "first_limit_time": 30.0,
        "order_quality": 15.091445098929057,
        "liquidity": 7.586038737808199,
        "money_flow": 10.0,
        "sector": 3.0,
        "dragon_list": 85.275,
        "sentiment": 0
      },
      "first_limit_time": "94712",
      "seal_ratio": 0.04572254946452842,
      "seal_to_mv": 0.005860408294588343,
      "fd_amount": 78786994.0,
      "amount": 1723154000.0,
      "float_mv": 13443942817.56,
      "turnover_rate": 13.02,
      "turnover_20ma_ratio": 0.08081162134245957,
      "volume_ratio": 1.99,
      "main_net_amount": 592161600.0,
      "main_net_ratio": 34.36,
      "medium_net_amount": -329258200.0,
      "is_hot_sector": false,
      "dragon_score": 85.275,
      "sentiment_score": 0
    }
  ],
  "summary": {
    "total_limit_up": 32,
    "total_scored": 32,
    "top_n_selected": 5,
    "top_score": 177.4409268006518,
    "generated_at": "2026-02-24T22:28:38.132586"
  }
}