{
  "success": true,
  "trade_date": "20260303",
  "candidates": [
    {
      "ts_code": "002207.SZ",
      "name": "准油股份",
      "trade_date": "20260303",
      "close": 13.66,
      "pct_chg": 9.98,
      "industry": "油服工程",
      "basic_score": 174.44621250358531,
      "total_score": 174.44621250358531,
      "score_details": {
        "first_limit_time": 30.0,
        "order_quality": 24.617029669493675,
        "liquidity": 6.829182834091639,
        "money_flow": 10.0,
        "sector": 3.0,
        "dragon_list": 100.0,
        "sentiment": 0.0
      },
      "first_limit_time": "92500",
      "seal_ratio": 4.808514834746838,
      "seal_to_mv": 0.06543374746321008,
      "fd_amount": 233120194.0,
      "amount": 48480706.0,
      "float_mv": 3562690554.0,
      "turnover_rate": 1.36,
      "turnover_20ma_ratio": 1.1037548502274914,
      "volume_ratio": 0.09,
      "main_net_amount": 20626600.0,
      "main_net_ratio": 42.55,
      "medium_net_amount": -9660400.0,
      "is_hot_sector": false,
      "dragon_score": 100.0,
      "sentiment_score": 0
    },
    {
      "ts_code": "600617.SH",
      "name": "国新能源",
      "trade_date": "20260303",
      "close": 3.7,
      "pct_chg": 10.12,
      "industry": "燃气Ⅱ",
      "basic_score": 174.43020164175135,
      "total_score": 174.43020164175135,
      "score_details": {
        "first_limit_time": 30.0,
        "order_quality": 15.684617233818102,
        "liquidity": 8.745584407933267,
        "money_flow": 10.0,
        "sector": 10.0,
        "dragon_list": 100.0,
        "sentiment": 0.0
      },
      "first_limit_time": "93232",
      "seal_ratio": 0.3423086169090509,
      "seal_to_mv": 0.011391243998414504,
      "fd_amount": 74834868.0,
      "amount": 218618125.0,
      "float_mv": 6569507949.3,
      "turnover_rate": 3.36,
      "turnover_20ma_ratio": 0.7836753223799804,
      "volume_ratio": 1.28,
      "main_net_amount": 97822099.99999999,
      "main_net_ratio": 44.75,
      "medium_net_amount": -33574800.0,
      "is_hot_sector": true,
      "dragon_score": 100.0,
      "sentiment_score": 0
    },
    {
      "ts_code": "600722.SH",
      "name": "金牛化工",
      "trade_date": "20260303",
      "close": 11.35,
      "pct_chg": 9.98,
      "industry": "化学原料",
      "basic_score": 165.2516515245248,
      "total_score": 165.2516515245248,
      "score_details": {
        "first_limit_time": 30.0,
        "order_quality": 18.479596310330134,
        "liquidity": 3.7720552141946353,
        "money_flow": 10.0,
        "sector": 3.0,
        "dragon_list": 100.0,
        "sentiment": 0.0
      },
      "first_limit_time": "92502",
      "seal_ratio": 1.7397981551650665,
      "seal_to_mv": 0.02588222064704433,
      "fd_amount": 199852888.0,
      "amount": 114871307.0,
      "float_mv": 7721628322.6,
      "turnover_rate": 1.49,
      "turnover_20ma_ratio": 0.1616165642583905,
      "volume_ratio": 0.14,
      "main_net_amount": 71308900.0,
      "main_net_ratio": 62.08,
      "medium_net_amount": -29003900.0,
      "is_hot_sector": false,
      "dragon_score": 100.0,
      "sentiment_score": 0
    },
    {
      "ts_code": "601808.SH",
      "name": "中海油服",
      "trade_date": "20260303",
      "close": 20.42,
      "pct_chg": 10.02,
      "industry": "油服工程",
      "basic_score": 160.67013771756245,
      "total_score": 160.67013771756245,
      "score_details": {
        "first_limit_time": 30.0,
        "order_quality": 15.252058487625458,
        "liquidity": 9.918079229937002,
        "money_flow": 2.5,
        "sector": 3.0,
        "dragon_list": 100.0,
        "sentiment": 0.0
      },
      "first_limit_time": "95338",
      "seal_ratio": 0.126029243812729,
      "seal_to_mv": 0.004798354177813194,
      "fd_amount": 290073737.0,
      "amount": 2301638320.0,
      "float_mv": 60452756560.0,
      "turnover_rate": 3.92,
      "turnover_20ma_ratio": 0.8504237689811004,
      "volume_ratio": 1.85,
      "main_net_amount": -213071100.0,
      "main_net_ratio": -9.26,
      "medium_net_amount": 120991900.0,
      "is_hot_sector": false,
      "dragon_score": 100.0,
      "sentiment_score": 0
    },
    {
      "ts_code": "301302.SZ",
      "name": "华如科技",
      "trade_date": "20260303",
      "close": 35.66,
      "pct_chg": 19.99,
      "industry": "军工电子",
      "basic_score": 158.47253195061097,
      "total_score": 158.47253195061097,
      "score_details": {
        "first_limit_time": 30.0,
        "order_quality": 15.27446214746781,
        "liquidity": 9.423069803143191,
        "money_flow": 10.0,
        "sector": 3.0,
        "dragon_list": 90.77499999999999,
        "sentiment": 0.0
      },
      "first_limit_time": "93115",
      "seal_ratio": 0.1372310737339048,
      "seal_to_mv": 0.02614882355549815,
      "fd_amount": 129603595.0,
      "amount": 944418720.0,
      "float_mv": 4956383400.0,
      "turnover_rate": 19.08,
      "turnover_20ma_ratio": 0.4269209409429574,
      "volume_ratio": 6.75,
      "main_net_amount": 159237700.0,
      "main_net_ratio": 16.86,
      "medium_net_amount": -100973100.0,
      "is_hot_sector": false,
      "dragon_score": 90.77499999999999,
      "sentiment_score": 0
    },
    {
      "ts_code": "600759.SH",
      "name": "洲际油气",
      "trade_date": "20260303",
      "close": 7.51,
      "pct_chg": 9.96,
      "industry": "油气开采",
      "basic_score": 154.83093190799923,
      "total_score": 154.83093190799923,
      "score_details": {
        "first_limit_time": 30.0,
        "order_quality": 25.0,
        "liquidity": 5.455931907999231,
        "money_flow": 10.0,
        "sector": 3.0,
        "dragon_list": 81.375,
        "sentiment": 0.0
      },
      "first_limit_time": "92501",
      "seal_ratio": 8.012882833702964,
      "seal_to_mv": 0.05898362711054447,
      "fd_amount": 1835516223.0,
      "amount": 229070643.0,
      "float_mv": 31119080207.8,
      "turnover_rate": 0.74,
      "turnover_20ma_ratio": 1.1617795723997695,
      "volume_ratio": 0.05,
      "main_net_amount": 114556000.0,
      "main_net_ratio": 50.01,
      "medium_net_amount": -48855600.00000001,
      "is_hot_sector": false,
      "dragon_score": 81.375,
      "sentiment_score": 0
    },
    {
      "ts_code": "002490.SZ",
      "name": "山东墨龙",
      "trade_date": "20260303",
      "close": 10.65,
      "pct_chg": 10.02,
      "industry": "专用设备",
      "basic_score": 151.40501981581414,
      "total_score": 151.40501981581414,
      "score_details": {
        "first_limit_time": 30.0,
        "order_quality": 25.0,
        "liquidity": 4.13001981581413,
        "money_flow": 10.0,
        "sector": 3.0,
        "dragon_list": 79.275,
        "sentiment": 0.0
      },
      "first_limit_time": "92500",
      "seal_ratio": 9.392822387315753,
      "seal_to_mv": 0.07305019917965304,
      "fd_amount": 421451385.0,
      "amount": 44869515.0,
      "float_mv": 5769339300.0,
      "turnover_rate": 0.78,
      "turnover_20ma_ratio": 0.7490059447442389,
      "volume_ratio": 0.08,
      "main_net_amount": 28114899.999999996,
      "main_net_ratio": 62.66,
      "medium_net_amount": -11289000.0,
      "is_hot_sector": false,
      "dragon_score": 79.275,
      "sentiment_score": 0
    },
    {
      "ts_code": "002506.SZ",
      "name": "协鑫集成",
      "trade_date": "20260303",
      "close": 5.16,
      "pct_chg": 10.02,
      "industry": "光伏设备",
      "basic_score": 148.302770494856,
      "total_score": 148.302770494856,
      "score_details": {
        "first_limit_time": 30.0,
        "order_quality": 15.07951398829991,
        "liquidity": 6.473256506556086,
        "money_flow": 10.0,
        "sector": 3.0,
        "dragon_list": 83.75,
        "sentiment": 0.0
      },
      "first_limit_time": "93112",
      "seal_ratio": 0.03975699414995451,
      "seal_to_mv": 0.0049623156830724295,
      "fd_amount": 149649871.0,
      "amount": 3764114320.0,
      "float_mv": 30157265389.32,
      "turnover_rate": 12.57,