{
  "success": true,
  "trade_date": "20260318",
  "candidates": [
    {
      "ts_code": "600468.SH",
      "name": "百利电气",
      "trade_date": "20260318",
      "close": 8.97,
      "pct_chg": 10.06,
      "industry": "电网设备",
      "basic_score": 171.73105111245175,
      "total_score": 171.73105111245175,
      "score_details": {
        "first_limit_time": 30.0,
        "order_quality": 15.262388071522746,
        "liquidity": 13.468663040929,
        "money_flow": 10.0,
        "sector": 3.0,
        "dragon_list": 100.0,
        "sentiment": 0
      },
      "first_limit_time": "93215",
      "seal_ratio": 0.13119403576137303,
      "seal_to_mv": 0.007688528436127058,
      "fd_amount": 75016863.0,
      "amount": 571800864.0,
      "float_mv": 9756985829.37,
      "turnover_rate": 5.91,
      "turnover_20ma_ratio": 2.4905989122787,
      "volume_ratio": 0.7,
      "main_net_amount": 320072900.0,
      "main_net_ratio": 55.98,
      "medium_net_amount": -165245400.0,
      "is_hot_sector": false,
      "dragon_score": 100.0,
      "sentiment_score": 0
    },
    {
      "ts_code": "603052.SH",
      "name": "可川科技",
      "trade_date": "20260318",
      "close": 63.49,
      "pct_chg": 10.0,
      "industry": "消费电子",
      "basic_score": 156.50688800059046,
      "total_score": 156.50688800059046,
      "score_details": {
        "first_limit_time": 18.0,
        "order_quality": 15.050910612178129,
        "liquidity": 10.455977388412327,
        "money_flow": 10.0,
        "sector": 3.0,
        "dragon_list": 100.0,
        "sentiment": 0
      },
      "first_limit_time": "110138",
      "seal_ratio": 0.025455306089064288,
      "seal_to_mv": 0.002254620149068646,
      "fd_amount": 26896713.0,
      "amount": 1056625008.0,
      "float_mv": 11929598434.18,
      "turnover_rate": 9.31,
      "turnover_20ma_ratio": 1.0817932165236983,
      "volume_ratio": 1.71,
      "main_net_amount": 220302700.0,
      "main_net_ratio": 20.85,
      "medium_net_amount": -102983600.0,
      "is_hot_sector": false,
      "dragon_score": 100.0,
      "sentiment_score": 0
    },
    {
      "ts_code": "603387.SH",
      "name": "基蛋生物",
      "trade_date": "20260318",
      "close": 10.38,
      "pct_chg": 9.96,
      "industry": "医疗器械",
      "basic_score": 149.75236908062595,
      "total_score": 149.75236908062595,
      "score_details": {
        "first_limit_time": 30.0,
        "order_quality": 15.439952539275097,
        "liquidity": 10.702416541350862,
        "money_flow": 9.135,
        "sector": 3.0,
        "dragon_list": 81.475,
        "sentiment": 0
      },
      "first_limit_time": "93048",
      "seal_ratio": 0.21997626963754846,
      "seal_to_mv": 0.014344149632485745,
      "fd_amount": 75511240.0,
      "amount": 343269936.0,
      "float_mv": 5264253506.46,
      "turnover_rate": 6.6,
      "turnover_20ma_ratio": 0.7057249624052587,
      "volume_ratio": 2.61,
      "main_net_amount": 28397199.999999996,
      "main_net_ratio": 8.27,
      "medium_net_amount": -18118000.0,
      "is_hot_sector": false,
      "dragon_score": 81.475,
      "sentiment_score": 0
    },
    {
      "ts_code": "300302.SZ",
      "name": "同有科技",
      "trade_date": "20260318",
      "close": 24.83,
      "pct_chg": 20.01,
      "industry": "计算机设",
      "basic_score": 139.3244208735753,
      "total_score": 139.3244208735753,
      "score_details": {
        "first_limit_time": 30.0,
        "order_quality": 15.21649392924818,
        "liquidity": 10.0829269443271,
        "money_flow": 10.0,
        "sector": 3.0,
        "dragon_list": 71.025,
        "sentiment": 0
      },
      "first_limit_time": "95321",
      "seal_ratio": 0.10824696462409057,
      "seal_to_mv": 0.022946174471760346,
      "fd_amount": 210133012.0,
      "amount": 1941236992.0,
      "float_mv": 9157649012.85,
      "turnover_rate": 22.22,
      "turnover_20ma_ratio": 1.0748780832981304,
      "volume_ratio": 3.36,
      "main_net_amount": 401953700.0,
      "main_net_ratio": 20.71,
      "medium_net_amount": -193369500.0,
      "is_hot_sector": false,
      "dragon_score": 71.025,
      "sentiment_score": 0
    },
    {
      "ts_code": "603615.SH",
      "name": "茶花股份",
      "trade_date": "20260318",
      "close": 20.85,
      "pct_chg": 10.03,
      "industry": "家居用品",
      "basic_score": 138.5349101296403,
      "total_score": 138.5349101296403,
      "score_details": {
        "first_limit_time": 12.0,
        "order_quality": 15.383202602624781,
        "liquidity": 10.776707527015535,
        "money_flow": 10.0,
        "sector": 3.0,
        "dragon_list": 87.375,
        "sentiment": 0
      },
      "first_limit_time": "132350",
      "seal_ratio": 0.19160130131239064,
      "seal_to_mv": 0.005128608055578529,
      "fd_amount": 25858170.0,
      "amount": 134958217.0,
      "float_mv": 5041947000.0,
      "turnover_rate": 2.78,
      "turnover_20ma_ratio": 1.2930122581046606,
      "volume_ratio": 1.48,
      "main_net_amount": 28589899.999999996,
      "main_net_ratio": 21.18,
      "medium_net_amount": -11058599.999999998,
      "is_hot_sector": false,
      "dragon_score": 87.375,
      "sentiment_score": 0
    },
    {
      "ts_code": "002445.SZ",
      "name": "中南文化",
      "trade_date": "20260318",
      "close": 4.07,
      "pct_chg": 10.0,
      "industry": "通用设备",
      "basic_score": 137.55035858164587,
      "total_score": 137.55035858164587,
      "score_details": {
        "first_limit_time": 30.0,
        "order_quality": 15.091307458671784,
        "liquidity": 8.309051122974079,
        "money_flow": 10.0,
        "sector": 3.0,
        "dragon_list": 71.15,
        "sentiment": 0
      },
      "first_limit_time": "94218",
      "seal_ratio": 0.04565372933589219,
      "seal_to_mv": 0.008680784384223915,
      "fd_amount": 83606115.0,
      "amount": 1831309648.0,
      "float_mv": 9631170560.11,
      "turnover_rate": 19.36,
      "turnover_20ma_ratio": 0.7827153368922233,
      "volume_ratio": 1.62,
      "main_net_amount": 284475600.0,
      "main_net_ratio": 15.53,
      "medium_net_amount": -146609500.0,
      "is_hot_sector": false,
      "dragon_score": 71.15,
      "sentiment_score": 0
    },
    {
      "ts_code": "000815.SZ",
      "name": "美利云",
      "trade_date": "20260318",
      "close": 17.56,
      "pct_chg": 10.03,
      "industry": "IT服务Ⅱ",
      "basic_score": 136.5757030538726,
      "total_score": 136.5757030538726,
      "score_details": {
        "first_limit_time": 24.0,
        "order_quality": 15.328672521286995,
        "liquidity": 5.3220305325855755,
        "money_flow": 10.0,
        "sector": 3.0,
        "dragon_list": 78.925,
        "sentiment": 0
      },
      "first_limit_time": "100306",
      "seal_ratio": 0.1643362606434977,
      "seal_to_mv": 0.017970631712543577,
      "fd_amount": 219400188.0,
      "amount": 1335068640.0,
      "float_mv": 12208818894.6,
      "turnover_rate": 11.33,
      "turnover_20ma_ratio": 0.14160915977567246,
      "volume_ratio": 0.51,
      "main_net_amount": 393285100.0,
      "main_net_ratio": 29.46,
      "medium_net_amount": -148032200.0,
      "is_hot_sector": false,
      "dragon_score": 78.925,
      "sentiment_score": 0
    },
    {
      "ts_code": "001389.SZ",
      "name": "广合科技",
      "trade_date": "20260318",
      "close": 119.68,
      "pct_chg": 10.0,
      "industry": "元件",
      "basic_score": 130.86800250680938,
      "total_score": 130.86800250680938,
      "score_details": {
        "first_limit_time": 18.0,
        "order_quality": 15.241846223438879,
        "liquidity": 8.351156283370509,
        "money_flow": 10.0,
        "sector": 3.0,
        "dragon_list": 76.275,
        "sentiment": 0
      },
      "first_limit_time": "111754",
      "seal_ratio": 0.12092311171943895,
      "seal_to_mv": 0.00702930168298501,
      "fd_amount": 127802681.0,
      "amount": 1056892096.0,
      "float_mv": 18181419259.52,
      "turnover_rate": 6.03,