{
  "success": true,
  "trade_date": "20260326",
  "candidates": [
    {
      "ts_code": "000720.SZ",
      "name": "新能泰山",
      "trade_date": "20260326",
      "close": 5.01,
      "pct_chg": 10.11,
      "industry": "电网设备",
      "basic_score": 171.63518617682902,
      "total_score": 171.63518617682902,
      "score_details": {
        "first_limit_time": 30.0,
        "order_quality": 19.48327828226331,
        "liquidity": 9.151907894565708,
        "money_flow": 10.0,
        "sector": 3.0,
        "dragon_list": 100.0,
        "sentiment": 0
      },
      "first_limit_time": "92500",
      "seal_ratio": 2.2416391411316554,
      "seal_to_mv": 0.03776914885341291,
      "fd_amount": 237765221.0,
      "amount": 106067572.0,
      "float_mv": 6295223170.71,
      "turnover_rate": 1.68,
      "turnover_20ma_ratio": 1.5855723683697123,
      "volume_ratio": 0.52,
      "main_net_amount": 36780800.0,
      "main_net_ratio": 34.68,
      "medium_net_amount": -20702800.000000004,
      "is_hot_sector": false,
      "dragon_score": 100.0,
      "sentiment_score": 0
    },
    {
      "ts_code": "000927.SZ",
      "name": "中国铁物",
      "trade_date": "20260326",
      "close": 3.34,
      "pct_chg": 9.87,
      "industry": "轨交设备",
      "basic_score": 157.62109191212042,
      "total_score": 157.62109191212042,
      "score_details": {
        "first_limit_time": 30.0,
        "order_quality": 5.910758288676905,
        "liquidity": 14.385333623443518,
        "money_flow": 10.0,
        "sector": 3.0,
        "dragon_list": 94.325,
        "sentiment": 0
      },
      "first_limit_time": "93203",
      "seal_ratio": 0.00426916137794648,
      "seal_to_mv": 0.00039348133106140084,
      "fd_amount": 7951538.0,
      "amount": 1862552688.0,
      "float_mv": 20208170940.54,
      "turnover_rate": 9.3,
      "turnover_20ma_ratio": 1.6156000870330554,
      "volume_ratio": 5.59,
      "main_net_amount": 382767600.0,
      "main_net_ratio": 20.55,
      "medium_net_amount": -323481000.0,
      "is_hot_sector": false,
      "dragon_score": 94.325,
      "sentiment_score": 0
    },
    {
      "ts_code": "002902.SZ",
      "name": "铭普光磁",
      "trade_date": "20260326",
      "close": 28.55,
      "pct_chg": 10.02,
      "industry": "通信设备",
      "basic_score": 156.0894465848895,
      "total_score": 156.0894465848895,
      "score_details": {
        "first_limit_time": 30.0,
        "order_quality": 15.414803618377276,
        "liquidity": 9.524642966512197,
        "money_flow": 10.0,
        "sector": 3.0,
        "dragon_list": 88.15,
        "sentiment": 0
      },
      "first_limit_time": "93024",
      "seal_ratio": 0.20740180918863804,
      "seal_to_mv": 0.032185879035087274,
      "fd_amount": 163227487.0,
      "amount": 787010912.0,
      "float_mv": 5071400623.3,
      "turnover_rate": 15.66,
      "turnover_20ma_ratio": 1.6823928899536593,
      "volume_ratio": 0.55,
      "main_net_amount": 125745300.0,
      "main_net_ratio": 15.98,
      "medium_net_amount": -81682200.0,
      "is_hot_sector": false,
      "dragon_score": 88.15,
      "sentiment_score": 0
    },
    {
      "ts_code": "603520.SH",
      "name": "司太立",
      "trade_date": "20260326",
      "close": 10.3,
      "pct_chg": 10.04,
      "industry": "化学制药",
      "basic_score": 151.86015720320418,
      "total_score": 151.86015720320418,
      "score_details": {
        "first_limit_time": 30.0,
        "order_quality": 15.119082500644891,
        "liquidity": 14.89107470255929,
        "money_flow": 10.0,
        "sector": 3.0,
        "dragon_list": 78.85,
        "sentiment": 0
      },
      "first_limit_time": "94325",
      "seal_ratio": 0.059541250322445664,
      "seal_to_mv": 0.005134464567416992,
      "fd_amount": 23185300.0,
      "amount": 389398944.0,
      "float_mv": 4515621774.3,
      "turnover_rate": 8.76,
      "turnover_20ma_ratio": 2.062322410767787,
      "volume_ratio": 2.41,
      "main_net_amount": 110486500.0,
      "main_net_ratio": 28.37,
      "medium_net_amount": -40757100.0,
      "is_hot_sector": false,
      "dragon_score": 78.85,
      "sentiment_score": 0
    },
    {
      "ts_code": "600310.SH",
      "name": "广西能源",
      "trade_date": "20260326",
      "close": 6.0,
      "pct_chg": 10.09,
      "industry": "电力",
      "basic_score": 145.40954608975818,
      "total_score": 145.40954608975818,
      "score_details": {
        "first_limit_time": 24.0,
        "order_quality": 15.215994636966522,
        "liquidity": 8.66855145279164,
        "money_flow": 10.0,
        "sector": 3.0,
        "dragon_list": 84.525,
        "sentiment": 0
      },
      "first_limit_time": "103105",
      "seal_ratio": 0.10799731848326154,
      "seal_to_mv": 0.013735893241285848,
      "fd_amount": 120797076.0,
      "amount": 1118519216.0,
      "float_mv": 8794264332.0,
      "turnover_rate": 13.62,
      "turnover_20ma_ratio": 0.9105654358374922,
      "volume_ratio": 0.98,
      "main_net_amount": 195539199.99999997,
      "main_net_ratio": 17.48,
      "medium_net_amount": -97417800.0,
      "is_hot_sector": false,
      "dragon_score": 84.525,
      "sentiment_score": 0
    },
    {
      "ts_code": "600800.SH",
      "name": "渤海化学",
      "trade_date": "20260326",
      "close": 5.21,
      "pct_chg": 9.92,
      "industry": "炼化及贸",
      "basic_score": 145.08125045498986,
      "total_score": 145.08125045498986,
      "score_details": {
        "first_limit_time": 30.0,
        "order_quality": 15.225297681993037,
        "liquidity": 10.355952772996808,
        "money_flow": 10.0,
        "sector": 3.0,
        "dragon_list": 76.5,
        "sentiment": 0
      },
      "first_limit_time": "93105",
      "seal_ratio": 0.11264884099651883,
      "seal_to_mv": 0.006001999318364059,
      "fd_amount": 34701726.0,
      "amount": 308052224.0,
      "float_mv": 5781694425.36,
      "turnover_rate": 5.35,
      "turnover_20ma_ratio": 1.3117858318990425,
      "volume_ratio": 1.19,
      "main_net_amount": 56682600.0,
      "main_net_ratio": 18.4,
      "medium_net_amount": -38674000.0,
      "is_hot_sector": false,
      "dragon_score": 76.5,
      "sentiment_score": 0
    },
    {
      "ts_code": "000692.SZ",
      "name": "惠天热电",
      "trade_date": "20260326",
      "close": 4.9,
      "pct_chg": 10.11,
      "industry": "电力",
      "basic_score": 142.51303198231975,
      "total_score": 142.51303198231975,
      "score_details": {
        "first_limit_time": 30.0,
        "order_quality": 15.742328128313556,
        "liquidity": 9.945703854006187,
        "money_flow": 10.0,
        "sector": 3.0,
        "dragon_list": 73.825,
        "sentiment": 0
      },
      "first_limit_time": "94436",
      "seal_ratio": 0.3711640641567783,
      "seal_to_mv": 0.021096719733021317,
      "fd_amount": 55081037.0,
      "amount": 148400781.0,
      "float_mv": 2610881582.4,
      "turnover_rate": 5.86,
      "turnover_20ma_ratio": 1.098711156201856,
      "volume_ratio": 1.37,
      "main_net_amount": 36188200.0,
      "main_net_ratio": 24.39,
      "medium_net_amount": -17294100.0,
      "is_hot_sector": false,
      "dragon_score": 73.825,
      "sentiment_score": 0
    },
    {
      "ts_code": "601908.SH",
      "name": "京运通",
      "trade_date": "20260326",
      "close": 5.03,
      "pct_chg": 10.07,
      "industry": "电力",
      "basic_score": 136.72492747252628,
      "total_score": 136.72492747252628,
      "score_details": {
        "first_limit_time": 24.0,
        "order_quality": 15.22918945995797,
        "liquidity": 9.495738012568303,
        "money_flow": 10.0,
        "sector": 3.0,
        "dragon_list": 75.0,
        "sentiment": 0
      },
      "first_limit_time": "103924",
      "seal_ratio": 0.11459472997898508,
      "seal_to_mv": 0.012564509257408686,
      "fd_amount": 152601649.0,
      "amount": 1331663760.0,
      "float_mv": 12145452390.83,
      "turnover_rate": 11.49,
      "turnover_20ma_ratio": 0.9487214037704906,