{
  "success": true,
  "trade_date": "20260304",
  "candidates": [
    {
      "ts_code": "605268.SH",
      "name": "王力安防",
      "trade_date": "20260304",
      "close": 11.52,
      "pct_chg": 10.03,
      "industry": "家居用品",
      "basic_score": 169.77649915403123,
      "total_score": 169.77649915403123,
      "score_details": {
        "first_limit_time": 30.0,
        "order_quality": 16.272067560192752,
        "liquidity": 10.50443159383847,
        "money_flow": 10.0,
        "sector": 3.0,
        "dragon_list": 100.0,
        "sentiment": 0
      },
      "first_limit_time": "95406",
      "seal_ratio": 0.6360337800963767,
      "seal_to_mv": 0.013115716664239184,
      "fd_amount": 66132864.0,
      "amount": 103976968.0,
      "float_mv": 5042260800.0,
      "turnover_rate": 2.1,
      "turnover_20ma_ratio": 1.0113294781515412,
      "volume_ratio": 1.88,
      "main_net_amount": 33571000.0,
      "main_net_ratio": 32.29,
      "medium_net_amount": -16145700.0,
      "is_hot_sector": false,
      "dragon_score": 100.0,
      "sentiment_score": 0
    },
    {
      "ts_code": "300265.SZ",
      "name": "通光线缆",
      "trade_date": "20260304",
      "close": 17.88,
      "pct_chg": 20.0,
      "industry": "电网设备",
      "basic_score": 167.55373841762432,
      "total_score": 167.55373841762432,
      "score_details": {
        "first_limit_time": 30.0,
        "order_quality": 15.212950193304625,
        "liquidity": 7.71578822431969,
        "money_flow": 10.0,
        "sector": 10.0,
        "dragon_list": 94.625,
        "sentiment": 0
      },
      "first_limit_time": "95103",
      "seal_ratio": 0.1064750966523126,
      "seal_to_mv": 0.017475977074676713,
      "fd_amount": 146017985.0,
      "amount": 1371381568.0,
      "float_mv": 8355354574.8,
      "turnover_rate": 17.23,
      "turnover_20ma_ratio": 0.9347364672959072,
      "volume_ratio": 0.96,
      "main_net_amount": 359725899.99999994,
      "main_net_ratio": 26.23,
      "medium_net_amount": -188004600.0,
      "is_hot_sector": true,
      "dragon_score": 94.625,
      "sentiment_score": 0
    },
    {
      "ts_code": "301129.SZ",
      "name": "瑞纳智能",
      "trade_date": "20260304",
      "close": 29.23,
      "pct_chg": 19.99,
      "industry": "通用设备",
      "basic_score": 152.009892024456,
      "total_score": 152.009892024456,
      "score_details": {
        "first_limit_time": 12.0,
        "order_quality": 15.585806777608422,
        "liquidity": 11.42408524684758,
        "money_flow": 10.0,
        "sector": 3.0,
        "dragon_list": 100.0,
        "sentiment": 0
      },
      "first_limit_time": "131445",
      "seal_ratio": 0.29290338880421096,
      "seal_to_mv": 0.028242748840191605,
      "fd_amount": 54718560.0,
      "amount": 186814363.0,
      "float_mv": 1937437475.0,
      "turnover_rate": 10.24,
      "turnover_20ma_ratio": 0.7272255740542742,
      "volume_ratio": 3.95,
      "main_net_amount": 63460400.0,
      "main_net_ratio": 33.97,
      "medium_net_amount": -35554300.0,
      "is_hot_sector": false,
      "dragon_score": 100.0,
      "sentiment_score": 0
    },
    {
      "ts_code": "300880.SZ",
      "name": "迦南智能",
      "trade_date": "20260304",
      "close": 23.22,
      "pct_chg": 20.0,
      "industry": "电网设备",
      "basic_score": 143.71214237847306,
      "total_score": 143.71214237847306,
      "score_details": {
        "first_limit_time": 12.0,
        "order_quality": 15.08371660807003,
        "liquidity": 10.603425770403035,
        "money_flow": 10.0,
        "sector": 10.0,
        "dragon_list": 86.025,
        "sentiment": 0
      },
      "first_limit_time": "134654",
      "seal_ratio": 0.04185830403501491,
      "seal_to_mv": 0.005620668419713166,
      "fd_amount": 25465025.0,
      "amount": 608362560.0,
      "float_mv": 4530604386.96,
      "turnover_rate": 14.17,
      "turnover_20ma_ratio": 0.4810277311209104,
      "volume_ratio": 6.64,
      "main_net_amount": 102224100.0,
      "main_net_ratio": 16.8,
      "medium_net_amount": -57990500.0,
      "is_hot_sector": true,
      "dragon_score": 86.025,
      "sentiment_score": 0
    },
    {
      "ts_code": "600821.SH",
      "name": "金开新能",
      "trade_date": "20260304",
      "close": 7.87,
      "pct_chg": 10.07,
      "industry": "电力",
      "basic_score": 141.75036055820414,
      "total_score": 141.75036055820414,
      "score_details": {
        "first_limit_time": 30.0,
        "order_quality": 15.103743032331922,
        "liquidity": 6.696617525872224,
        "money_flow": 10.0,
        "sector": 3.0,
        "dragon_list": 76.94999999999999,
        "sentiment": 0
      },
      "first_limit_time": "93828",
      "seal_ratio": 0.0518715161659609,
      "seal_to_mv": 0.007384829434651252,
      "fd_amount": 116078171.0,
      "amount": 2237801776.0,
      "float_mv": 15718463375.11,
      "turnover_rate": 14.53,
      "turnover_20ma_ratio": 0.2839852577616671,
      "volume_ratio": 1.05,
      "main_net_amount": 353509200.0,
      "main_net_ratio": 15.8,
      "medium_net_amount": -171395700.0,
      "is_hot_sector": false,
      "dragon_score": 76.94999999999999,
      "sentiment_score": 0
    },
    {
      "ts_code": "001309.SZ",
      "name": "德明利",
      "trade_date": "20260304",
      "close": 251.57,
      "pct_chg": 10.0,
      "industry": "半导体",
      "basic_score": 137.04492276192482,
      "total_score": 137.04492276192482,
      "score_details": {
        "first_limit_time": 30.0,
        "order_quality": 15.053837472226963,
        "liquidity": 11.816085289697869,
        "money_flow": 10.0,
        "sector": 3.0,
        "dragon_list": 67.175,
        "sentiment": 0
      },
      "first_limit_time": "93606",
      "seal_ratio": 0.026918736113481345,
      "seal_to_mv": 0.0032446804413997564,
      "fd_amount": 131317275.0,
      "amount": 4878285312.0,
      "float_mv": 40471558716.38,
      "turnover_rate": 12.16,
      "turnover_20ma_ratio": 1.2498255869093604,
      "volume_ratio": 2.19,
      "main_net_amount": 527936300.0,
      "main_net_ratio": 10.82,
      "medium_net_amount": -415715500.0,
      "is_hot_sector": false,
      "dragon_score": 67.175,
      "sentiment_score": 0
    },
    {
      "ts_code": "002498.SZ",
      "name": "汉缆股份",
      "trade_date": "20260304",
      "close": 8.13,
      "pct_chg": 10.01,
      "industry": "电网设备",
      "basic_score": 135.26663118424074,
      "total_score": 135.26663118424074,
      "score_details": {
        "first_limit_time": 30.0,
        "order_quality": 15.127243934725891,
        "liquidity": 5.914387249514862,
        "money_flow": 10.0,
        "sector": 10.0,
        "dragon_list": 64.225,
        "sentiment": 0
      },
      "first_limit_time": "93824",
      "seal_ratio": 0.06362196736294581,
      "seal_to_mv": 0.004370356308844567,
      "fd_amount": 118204378.0,
      "amount": 1857917680.0,
      "float_mv": 27046851480.0,
      "turnover_rate": 6.98,
      "turnover_20ma_ratio": 0.22431617485445834,
      "volume_ratio": 0.7,
      "main_net_amount": 349391200.0,
      "main_net_ratio": 18.81,
      "medium_net_amount": -175404700.0,
      "is_hot_sector": true,
      "dragon_score": 64.225,
      "sentiment_score": 0
    },
    {
      "ts_code": "300617.SZ",
      "name": "安靠智电",
      "trade_date": "20260304",
      "close": 64.81,
      "pct_chg": 20.0,
      "industry": "电网设备",
      "basic_score": 134.154519685536,
      "total_score": 134.154519685536,
      "score_details": {
        "first_limit_time": 30.0,
        "order_quality": 15.053043128586296,
        "liquidity": 6.621476556949684,
        "money_flow": 6.905,
        "sector": 10.0,
        "dragon_list": 65.575,
        "sentiment": 0
      },
      "first_limit_time": "93954",
      "seal_ratio": 0.02652156429314797,
      "seal_to_mv": 0.005167187953129064,
      "fd_amount": 46523534.0,
      "amount": 1754177600.0,
      "float_mv": 9003646552.44,
      "turnover_rate": 20.08,