{
  "success": true,
  "trade_date": "20260305",
  "candidates": [
    {
      "ts_code": "000533.SZ",
      "name": "顺钠股份",
      "trade_date": "20260305",
      "close": 13.53,
      "pct_chg": 10.0,
      "industry": "电网设备",
      "basic_score": 177.90549725835973,
      "total_score": 177.90549725835973,
      "score_details": {
        "first_limit_time": 30.0,
        "order_quality": 22.999588180409546,
        "liquidity": 4.905909077950177,
        "money_flow": 10.0,
        "sector": 10.0,
        "dragon_list": 100.0,
        "sentiment": 0
      },
      "first_limit_time": "92500",
      "seal_ratio": 3.999794090204773,
      "seal_to_mv": 0.04665527663307187,
      "fd_amount": 432341827.0,
      "amount": 108091021.0,
      "float_mv": 9266729472.0,
      "turnover_rate": 1.17,
      "turnover_20ma_ratio": 0.516772723385053,
      "volume_ratio": 0.11,
      "main_net_amount": 44813500.0,
      "main_net_ratio": 41.46,
      "medium_net_amount": -20136400.0,
      "is_hot_sector": true,
      "dragon_score": 100.0,
      "sentiment_score": 0
    },
    {
      "ts_code": "600703.SH",
      "name": "三安光电",
      "trade_date": "20260305",
      "close": 16.13,
      "pct_chg": 10.03,
      "industry": "光学光电",
      "basic_score": 171.1670470047986,
      "total_score": 171.1670470047986,
      "score_details": {
        "first_limit_time": 30.0,
        "order_quality": 15.768641594629182,
        "liquidity": 5.398405410169433,
        "money_flow": 10.0,
        "sector": 10.0,
        "dragon_list": 100.0,
        "sentiment": 0
      },
      "first_limit_time": "93001",
      "seal_ratio": 0.3843207973145913,
      "seal_to_mv": 0.006117031558077812,
      "fd_amount": 492255098.0,
      "amount": 1280844288.0,
      "float_mv": 80472872066.51,
      "turnover_rate": 1.59,
      "turnover_20ma_ratio": 0.47952162305082996,
      "volume_ratio": 0.48,
      "main_net_amount": 748992700.0,
      "main_net_ratio": 58.48,
      "medium_net_amount": -417217100.0,
      "is_hot_sector": true,
      "dragon_score": 100.0,
      "sentiment_score": 0
    },
    {
      "ts_code": "002471.SZ",
      "name": "中超控股",
      "trade_date": "20260305",
      "close": 9.04,
      "pct_chg": 9.98,
      "industry": "电网设备",
      "basic_score": 163.69810543615557,
      "total_score": 163.69810543615557,
      "score_details": {
        "first_limit_time": 24.0,
        "order_quality": 15.094069736543355,
        "liquidity": 10.529035699612214,
        "money_flow": 10.0,
        "sector": 10.0,
        "dragon_list": 94.07499999999999,
        "sentiment": 0
      },
      "first_limit_time": "105603",
      "seal_ratio": 0.047034868271677716,
      "seal_to_mv": 0.007791369998679988,
      "fd_amount": 94562820.0,
      "amount": 2010483360.0,
      "float_mv": 12136866817.52,
      "turnover_rate": 17.02,
      "turnover_20ma_ratio": 1.623710709883664,
      "volume_ratio": 1.27,
      "main_net_amount": 718693800.0,
      "main_net_ratio": 35.75,
      "medium_net_amount": -318630400.0,
      "is_hot_sector": true,
      "dragon_score": 94.07499999999999,
      "sentiment_score": 0
    },
    {
      "ts_code": "605268.SH",
      "name": "王力安防",
      "trade_date": "20260305",
      "close": 12.67,
      "pct_chg": 9.98,
      "industry": "家居用品",
      "basic_score": 162.39609826050514,
      "total_score": 162.39609826050514,
      "score_details": {
        "first_limit_time": 30.0,
        "order_quality": 25.0,
        "liquidity": 5.971098260505137,
        "money_flow": 10.0,
        "sector": 3.0,
        "dragon_list": 88.425,
        "sentiment": 0
      },
      "first_limit_time": "92502",
      "seal_ratio": 9.516574815274424,
      "seal_to_mv": 0.0805101902177291,
      "fd_amount": 449330590.0,
      "amount": 47215579.0,
      "float_mv": 5581039975.0,
      "turnover_rate": 0.85,
      "turnover_20ma_ratio": 1.0113294781515412,
      "volume_ratio": 0.66,
      "main_net_amount": 22931000.0,
      "main_net_ratio": 48.57,
      "medium_net_amount": -12669400.0,
      "is_hot_sector": false,
      "dragon_score": 88.425,
      "sentiment_score": 0
    },
    {
      "ts_code": "002877.SZ",
      "name": "智能自控",
      "trade_date": "20260305",
      "close": 10.89,
      "pct_chg": 10.0,
      "industry": "通用设备",
      "basic_score": 154.77129587877852,
      "total_score": 154.77129587877852,
      "score_details": {
        "first_limit_time": 30.0,
        "order_quality": 15.511275392399602,
        "liquidity": 9.345020486378903,
        "money_flow": 5.24,
        "sector": 10.0,
        "dragon_list": 84.675,
        "sentiment": 0
      },
      "first_limit_time": "92500",
      "seal_ratio": 0.2556376961998008,
      "seal_to_mv": 0.03900114964257686,
      "fd_amount": 102151989.0,
      "amount": 399596736.0,
      "float_mv": 2619204560.28,
      "turnover_rate": 15.28,
      "turnover_20ma_ratio": 0.748506145913671,
      "volume_ratio": 2.31,
      "main_net_amount": 9908300.0,
      "main_net_ratio": 2.48,
      "medium_net_amount": -11892800.0,
      "is_hot_sector": true,
      "dragon_score": 84.675,
      "sentiment_score": 0
    },
    {
      "ts_code": "600800.SH",
      "name": "渤海化学",
      "trade_date": "20260305",
      "close": 4.81,
      "pct_chg": 10.07,
      "industry": "炼化及贸",
      "basic_score": 149.39169829907706,
      "total_score": 149.39169829907706,
      "score_details": {
        "first_limit_time": 30.0,
        "order_quality": 15.050085266215827,
        "liquidity": 8.466613032861222,
        "money_flow": 10.0,
        "sector": 3.0,
        "dragon_list": 82.875,
        "sentiment": 0
      },
      "first_limit_time": "93927",
      "seal_ratio": 0.02504263310791331,
      "seal_to_mv": 0.0029554578828922457,
      "fd_amount": 15775650.0,
      "amount": 629951728.0,
      "float_mv": 5337802338.96,
      "turnover_rate": 12.04,
      "turnover_20ma_ratio": 0.46498390985836624,
      "volume_ratio": 1.75,
      "main_net_amount": 117600100.0,
      "main_net_ratio": 18.67,
      "medium_net_amount": -64504799.99999999,
      "is_hot_sector": false,
      "dragon_score": 82.875,
      "sentiment_score": 0
    },
    {
      "ts_code": "002195.SZ",
      "name": "岩山科技",
      "trade_date": "20260305",
      "close": 10.69,
      "pct_chg": 9.98,
      "industry": "IT服务Ⅱ",
      "basic_score": 141.1837016213586,
      "total_score": 141.1837016213586,
      "score_details": {
        "first_limit_time": 24.0,
        "order_quality": 15.05620561962315,
        "liquidity": 6.602496001735455,
        "money_flow": 10.0,
        "sector": 3.0,
        "dragon_list": 82.525,
        "sentiment": 0
      },
      "first_limit_time": "104212",
      "seal_ratio": 0.02810280981157461,
      "seal_to_mv": 0.0037981492499248324,
      "fd_amount": 227423635.0,
      "amount": 8092558592.0,
      "float_mv": 59877487701.28,
      "turnover_rate": 13.81,
      "turnover_20ma_ratio": 0.16074880052063653,
      "volume_ratio": 1.24,
      "main_net_amount": 2476734100.0,
      "main_net_ratio": 30.61,
      "medium_net_amount": -1172198100.0,
      "is_hot_sector": false,
      "dragon_score": 82.525,
      "sentiment_score": 0
    },
    {
      "ts_code": "002498.SZ",
      "name": "汉缆股份",
      "trade_date": "20260305",
      "close": 8.94,
      "pct_chg": 9.96,
      "industry": "电网设备",
      "basic_score": 137.7008115571079,
      "total_score": 137.7008115571079,
      "score_details": {
        "first_limit_time": 30.0,
        "order_quality": 16.694757640926365,
        "liquidity": 4.081053916181528,
        "money_flow": 10.0,
        "sector": 10.0,
        "dragon_list": 66.925,
        "sentiment": 0
      },
      "first_limit_time": "93000",
      "seal_ratio": 0.847378820463183,
      "seal_to_mv": 0.016407972705331442,
      "fd_amount": 487998643.0,
      "amount": 575891952.0,
      "float_mv": 29741556240.0,
      "turnover_rate": 1.94,