{
  "success": true,
  "trade_date": "20260302",
  "candidates": [
    {
      "ts_code": "002980.SZ",
      "name": "华盛昌",
      "trade_date": "20260302",
      "close": 31.87,
      "pct_chg": 10.01,
      "industry": "电网设备",
      "basic_score": 161.56003726578967,
      "total_score": 161.56003726578967,
      "score_details": {
        "first_limit_time": 30.0,
        "order_quality": 20.77120578963183,
        "liquidity": 7.563831476157864,
        "money_flow": 10.0,
        "sector": 3.0,
        "dragon_list": 90.225,
        "sentiment": 0.0
      },
      "first_limit_time": "92500",
      "seal_ratio": 2.885602894815914,
      "seal_to_mv": 0.05737511792811036,
      "fd_amount": 185396076.0,
      "amount": 64248645.0,
      "float_mv": 3231297515.28,
      "turnover_rate": 1.99,
      "turnover_20ma_ratio": 1.209149442847359,
      "volume_ratio": 0.32,
      "main_net_amount": 19157100.0,
      "main_net_ratio": 29.82,
      "medium_net_amount": -9149900.0,
      "is_hot_sector": false,
      "dragon_score": 90.225,
      "sentiment_score": 0
    },
    {
      "ts_code": "600227.SH",
      "name": "赤天化",
      "trade_date": "20260302",
      "close": 3.17,
      "pct_chg": 10.07,
      "industry": "农化制品",
      "basic_score": 152.61186043806987,
      "total_score": 152.61186043806987,
      "score_details": {
        "first_limit_time": 30.0,
        "order_quality": 15.307314529497322,
        "liquidity": 8.029545908572544,
        "money_flow": 10.0,
        "sector": 3.0,
        "dragon_list": 86.275,
        "sentiment": 0.0
      },
      "first_limit_time": "94724",
      "seal_ratio": 0.1536572647486611,
      "seal_to_mv": 0.017865560760827192,
      "fd_amount": 72355367.0,
      "amount": 470888032.0,
      "float_mv": 4049991375.51,
      "turnover_rate": 11.77,
      "turnover_20ma_ratio": 0.5788637725717632,
      "volume_ratio": 1.26,
      "main_net_amount": 120342200.0,
      "main_net_ratio": 25.56,
      "medium_net_amount": -54859600.0,
      "is_hot_sector": false,
      "dragon_score": 86.275,
      "sentiment_score": 0
    },
    {
      "ts_code": "603861.SH",
      "name": "白云电器",
      "trade_date": "20260302",
      "close": 20.49,
      "pct_chg": 9.98,
      "industry": "电网设备",
      "basic_score": 149.44159532739548,
      "total_score": 149.44159532739548,
      "score_details": {
        "first_limit_time": 12.0,
        "order_quality": 15.259220218392052,
        "liquidity": 9.182375109003416,
        "money_flow": 10.0,
        "sector": 3.0,
        "dragon_list": 100.0,
        "sentiment": 0.0
      },
      "first_limit_time": "132333",
      "seal_ratio": 0.1296101091960256,
      "seal_to_mv": 0.009473272928993835,
      "fd_amount": 102602527.0,
      "amount": 791624416.0,
      "float_mv": 10830736934.22,
      "turnover_rate": 7.7,
      "turnover_20ma_ratio": 0.8147125327010247,
      "volume_ratio": 1.48,
      "main_net_amount": 105974599.99999999,
      "main_net_ratio": 13.39,
      "medium_net_amount": -20410600.0,
      "is_hot_sector": false,
      "dragon_score": 100.0,
      "sentiment_score": 0
    },
    {
      "ts_code": "603897.SH",
      "name": "长城科技",
      "trade_date": "20260302",
      "close": 33.7,
      "pct_chg": 9.99,
      "industry": "电网设备",
      "basic_score": 148.6404239499759,
      "total_score": 148.6404239499759,
      "score_details": {
        "first_limit_time": 30.0,
        "order_quality": 15.127497497269983,
        "liquidity": 11.912926452705936,
        "money_flow": 10.0,
        "sector": 3.0,
        "dragon_list": 78.6,
        "sentiment": 0.0
      },
      "first_limit_time": "94051",
      "seal_ratio": 0.06374874863499128,
      "seal_to_mv": 0.0057087999239821335,
      "fd_amount": 39715450.0,
      "amount": 622999680.0,
      "float_mv": 6956882449.7,
      "turnover_rate": 9.15,
      "turnover_20ma_ratio": 0.8738779358117803,
      "volume_ratio": 3.2,
      "main_net_amount": 116078400.0,
      "main_net_ratio": 18.63,
      "medium_net_amount": -71128600.0,
      "is_hot_sector": false,
      "dragon_score": 78.6,
      "sentiment_score": 0
    },
    {
      "ts_code": "002389.SZ",
      "name": "航天彩虹",
      "trade_date": "20260302",
      "close": 26.54,
      "pct_chg": 9.99,
      "industry": "航空装备",
      "basic_score": 136.95171467197304,
      "total_score": 136.95171467197304,
      "score_details": {
        "first_limit_time": 30.0,
        "order_quality": 15.070192938664755,
        "liquidity": 12.131521733308288,
        "money_flow": 10.0,
        "sector": 3.0,
        "dragon_list": 66.75,
        "sentiment": 0.0
      },
      "first_limit_time": "94427",
      "seal_ratio": 0.035096469332377346,
      "seal_to_mv": 0.004480882460041937,
      "fd_amount": 117110005.0,
      "amount": 3336803024.0,
      "float_mv": 26135478010.04,
      "turnover_rate": 12.93,
      "turnover_20ma_ratio": 0.9394565199924864,
      "volume_ratio": 5.61,
      "main_net_amount": 463700199.99999994,
      "main_net_ratio": 13.9,
      "medium_net_amount": -278394600.0,
      "is_hot_sector": false,
      "dragon_score": 66.75,
      "sentiment_score": 0
    },
    {
      "ts_code": "603353.SH",
      "name": "和顺石油",
      "trade_date": "20260302",
      "close": 46.34,
      "pct_chg": 9.99,
      "industry": "炼化及贸",
      "basic_score": 135.06634669931702,
      "total_score": 135.06634669931702,
      "score_details": {
        "first_limit_time": 30.0,
        "order_quality": 15.06999306693076,
        "liquidity": 13.69635363238628,
        "money_flow": 2.5,
        "sector": 3.0,
        "dragon_list": 70.8,
        "sentiment": 0.0
      },
      "first_limit_time": "93031",
      "seal_ratio": 0.03499653346537978,
      "seal_to_mv": 0.004157835338616208,
      "fd_amount": 32835133.0,
      "amount": 938239584.0,
      "float_mv": 7897170120.0,
      "turnover_rate": 12.06,
      "turnover_20ma_ratio": 1.408906089715884,
      "volume_ratio": 3.05,
      "main_net_amount": -146159800.0,
      "main_net_ratio": -15.58,
      "medium_net_amount": 59065100.0,
      "is_hot_sector": false,
      "dragon_score": 70.8,
      "sentiment_score": 0
    },
    {
      "ts_code": "600108.SH",
      "name": "亚盛集团",
      "trade_date": "20260302",
      "close": 4.37,
      "pct_chg": 10.08,
      "industry": "种植业",
      "basic_score": 133.0484408019301,
      "total_score": 133.0484408019301,
      "score_details": {
        "first_limit_time": 30.0,
        "order_quality": 16.35244805411417,
        "liquidity": 7.120992747815935,
        "money_flow": 10.0,
        "sector": 3.0,
        "dragon_list": 66.575,
        "sentiment": 0.0
      },
      "first_limit_time": "92502",
      "seal_ratio": 0.6762240270570842,
      "seal_to_mv": 0.0244364242810392,
      "fd_amount": 207905564.0,
      "amount": 307450720.0,
      "float_mv": 8508019078.77,
      "turnover_rate": 3.61,
      "turnover_20ma_ratio": 0.5262978243447805,
      "volume_ratio": 0.82,
      "main_net_amount": 37803500.0,
      "main_net_ratio": 12.3,
      "medium_net_amount": -19993200.0,
      "is_hot_sector": false,
      "dragon_score": 66.575,
      "sentiment_score": 0
    },
    {
      "ts_code": "000890.SZ",
      "name": "法尔胜",
      "trade_date": "20260302",
      "close": 8.43,
      "pct_chg": 10.05,
      "industry": "环保设备",
      "basic_score": 129.07800952060614,
      "total_score": 129.07800952060614,
      "score_details": {
        "first_limit_time": 30.0,
        "order_quality": 15.069347598153337,
        "liquidity": 6.23366192245281,
        "money_flow": 10.0,
        "sector": 3.0,
        "dragon_list": 64.775,
        "sentiment": 0.0
      },
      "first_limit_time": "94327",
      "seal_ratio": 0.03467379907666846,
      "seal_to_mv": 0.009868384490820196,
      "fd_amount": 34897662.0,
      "amount": 1006456256.0,
      "float_mv": 3536309517.78,
      "turnover_rate": 29.54,