{
  "success": true,
  "trade_date": "20260306",
  "candidates": [
    {
      "ts_code": "301638.SZ",
      "name": "南网数字",
      "trade_date": "20260306",
      "close": 28.38,
      "pct_chg": 20.0,
      "industry": "IT服务Ⅱ",
      "basic_score": 162.50065783850997,
      "total_score": 162.50065783850997,
      "score_details": {
        "first_limit_time": 30.0,
        "order_quality": 15.13185966953272,
        "liquidity": 6.768798168977258,
        "money_flow": 10.0,
        "sector": 3.0,
        "dragon_list": 97.6,
        "sentiment": 0
      },
      "first_limit_time": "94109",
      "seal_ratio": 0.06592983476636011,
      "seal_to_mv": 0.020217617484489032,
      "fd_amount": 134825972.0,
      "amount": 2044991808.0,
      "float_mv": 6668736912.42,
      "turnover_rate": 31.78,
      "turnover_20ma_ratio": 0.9206394506931773,
      "volume_ratio": 1.32,
      "main_net_amount": 504428700.0,
      "main_net_ratio": 24.67,
      "medium_net_amount": -292870400.0,
      "is_hot_sector": false,
      "dragon_score": 97.6,
      "sentiment_score": 0
    },
    {
      "ts_code": "301032.SZ",
      "name": "新柴股份",
      "trade_date": "20260306",
      "close": 15.13,
      "pct_chg": 19.98,
      "industry": "通用设备",
      "basic_score": 153.88140824939904,
      "total_score": 153.88140824939904,
      "score_details": {
        "first_limit_time": 24.0,
        "order_quality": 15.11961435715753,
        "liquidity": 9.536793892241523,
        "money_flow": 10.0,
        "sector": 3.0,
        "dragon_list": 92.225,
        "sentiment": 0
      },
      "first_limit_time": "104612",
      "seal_ratio": 0.05980717857876492,
      "seal_to_mv": 0.008658609584010843,
      "fd_amount": 20944095.0,
      "amount": 350193664.0,
      "float_mv": 2418875085.75,
      "turnover_rate": 15.2,
      "turnover_20ma_ratio": 0.46103816767245703,
      "volume_ratio": 4.26,
      "main_net_amount": 90242200.0,
      "main_net_ratio": 25.77,
      "medium_net_amount": -41092400.0,
      "is_hot_sector": false,
      "dragon_score": 92.225,
      "sentiment_score": 0
    },
    {
      "ts_code": "002506.SZ",
      "name": "协鑫集成",
      "trade_date": "20260306",
      "close": 5.56,
      "pct_chg": 10.1,
      "industry": "光伏设备",
      "basic_score": 138.159572148763,
      "total_score": 138.159572148763,
      "score_details": {
        "first_limit_time": 24.0,
        "order_quality": 15.1613156422069,
        "liquidity": 6.1232565065560856,
        "money_flow": 10.0,
        "sector": 3.0,
        "dragon_list": 79.875,
        "sentiment": 0
      },
      "first_limit_time": "100830",
      "seal_ratio": 0.08065782110344956,
      "seal_to_mv": 0.014438175220539362,
      "fd_amount": 469169051.0,
      "amount": 5816783104.0,
      "float_mv": 32495037900.12,
      "turnover_rate": 18.68,
      "turnover_20ma_ratio": 0.46697695196682565,
      "volume_ratio": 0.94,
      "main_net_amount": 1337321000.0,
      "main_net_ratio": 22.99,
      "medium_net_amount": -540638200.0,
      "is_hot_sector": false,
      "dragon_score": 79.875,
      "sentiment_score": 0
    },
    {
      "ts_code": "001696.SZ",
      "name": "宗申动力",
      "trade_date": "20260306",
      "close": 25.54,
      "pct_chg": 9.99,
      "industry": "通用设备",
      "basic_score": 135.92168384421353,
      "total_score": 135.92168384421353,
      "score_details": {
        "first_limit_time": 24.0,
        "order_quality": 15.095632688689461,
        "liquidity": 9.926051155524062,
        "money_flow": 10.0,
        "sector": 3.0,
        "dragon_list": 73.9,
        "sentiment": 0
      },
      "first_limit_time": "100427",
      "seal_ratio": 0.04781634434473099,
      "seal_to_mv": 0.008146407282094443,
      "fd_amount": 185463639.0,
      "amount": 3878666208.0,
      "float_mv": 22766310666.5,
      "turnover_rate": 17.39,
      "turnover_20ma_ratio": 0.8128153466572188,
      "volume_ratio": 2.53,
      "main_net_amount": 1225097000.0,
      "main_net_ratio": 31.59,
      "medium_net_amount": -693055600.0,
      "is_hot_sector": false,
      "dragon_score": 73.9,
      "sentiment_score": 0
    },
    {
      "ts_code": "600354.SH",
      "name": "敦煌种业",
      "trade_date": "20260306",
      "close": 7.63,
      "pct_chg": 9.94,
      "industry": "种植业",
      "basic_score": 135.77889109388389,
      "total_score": 135.77889109388389,
      "score_details": {
        "first_limit_time": 30.0,
        "order_quality": 15.031097760165302,
        "liquidity": 7.2727933337185755,
        "money_flow": 10.0,
        "sector": 3.0,
        "dragon_list": 70.475,
        "sentiment": 0
      },
      "first_limit_time": "94903",
      "seal_ratio": 0.01554888008265139,
      "seal_to_mv": 0.004834766850483045,
      "fd_amount": 19470234.0,
      "amount": 1252195264.0,
      "float_mv": 4027129870.4,
      "turnover_rate": 31.68,
      "turnover_20ma_ratio": 0.7918380001155727,
      "volume_ratio": 1.88,
      "main_net_amount": 288282600.0,
      "main_net_ratio": 23.02,
      "medium_net_amount": -145553700.0,
      "is_hot_sector": false,
      "dragon_score": 70.475,
      "sentiment_score": 0
    },
    {
      "ts_code": "600590.SH",
      "name": "泰豪科技",
      "trade_date": "20260306",
      "close": 16.18,
      "pct_chg": 9.99,
      "industry": "军工电子",
      "basic_score": 133.41415887323882,
      "total_score": 133.41415887323882,
      "score_details": {
        "first_limit_time": 30.0,
        "order_quality": 15.982806639310166,
        "liquidity": 5.7063522339286505,
        "money_flow": 10.0,
        "sector": 3.0,
        "dragon_list": 68.725,
        "sentiment": 0
      },
      "first_limit_time": "93025",
      "seal_ratio": 0.491403319655083,
      "seal_to_mv": 0.017943017770573944,
      "fd_amount": 244903440.0,
      "amount": 498375632.0,
      "float_mv": 13648954882.14,
      "turnover_rate": 3.67,
      "turnover_20ma_ratio": 0.3319056701785953,
      "volume_ratio": 0.36,
      "main_net_amount": 166966800.0,
      "main_net_ratio": 33.5,
      "medium_net_amount": -87869300.0,
      "is_hot_sector": false,
      "dragon_score": 68.725,
      "sentiment_score": 0
    },
    {
      "ts_code": "000815.SZ",
      "name": "美利云",
      "trade_date": "20260306",
      "close": 16.31,
      "pct_chg": 9.98,
      "industry": "IT服务Ⅱ",
      "basic_score": 132.95546976520035,
      "total_score": 132.95546976520035,
      "score_details": {
        "first_limit_time": 30.0,
        "order_quality": 15.28607722691577,
        "liquidity": 7.169392538284568,
        "money_flow": 10.0,
        "sector": 3.0,
        "dragon_list": 67.5,
        "sentiment": 0
      },
      "first_limit_time": "94015",
      "seal_ratio": 0.14303861345788504,
      "seal_to_mv": 0.01902462993696205,
      "fd_amount": 215734359.0,
      "amount": 1508224624.0,
      "float_mv": 11339740100.85,
      "turnover_rate": 13.83,
      "turnover_20ma_ratio": 0.3808177614853705,
      "volume_ratio": 1.14,
      "main_net_amount": 265061400.0,
      "main_net_ratio": 17.57,
      "medium_net_amount": -132277900.00000001,
      "is_hot_sector": false,
      "dragon_score": 67.5,
      "sentiment_score": 0
    },
    {
      "ts_code": "603158.SH",
      "name": "腾龙股份",
      "trade_date": "20260306",
      "close": 10.96,
      "pct_chg": 10.04,
      "industry": "汽车零部件",
      "basic_score": 131.92775329197968,
      "total_score": 131.92775329197968,
      "score_details": {
        "first_limit_time": 24.0,
        "order_quality": 15.579094190184902,
        "liquidity": 10.273659101794777,
        "money_flow": 10.0,
        "sector": 3.0,
        "dragon_list": 69.075,
        "sentiment": 0
      },
      "first_limit_time": "100640",
      "seal_ratio": 0.289547095092451,
      "seal_to_mv": 0.015505368490854286,
      "fd_amount": 83400909.0,
      "amount": 288039184.0,
      "float_mv": 5378840822.08,
      "turnover_rate": 5.49,