{
  "success": true,
  "trade_date": "20260312",
  "candidates": [
    {
      "ts_code": "002445.SZ",
      "name": "中南文化",
      "trade_date": "20260312",
      "close": 4.08,
      "pct_chg": 9.97,
      "industry": "通用设备",
      "basic_score": 174.02549846744577,
      "total_score": 174.02549846744577,
      "score_details": {
        "first_limit_time": 30.0,
        "order_quality": 25.0,
        "liquidity": 6.025498467445773,
        "money_flow": 10.0,
        "sector": 3.0,
        "dragon_list": 100.0,
        "sentiment": 0
      },
      "first_limit_time": "92500",
      "seal_ratio": 10.10073808767726,
      "seal_to_mv": 0.049928114407206396,
      "fd_amount": 482047675.0,
      "amount": 47724005.0,
      "float_mv": 9654834369.84,
      "turnover_rate": 0.49,
      "turnover_20ma_ratio": 1.2326495402337319,
      "volume_ratio": 0.25,
      "main_net_amount": 21424300.0,
      "main_net_ratio": 44.89,
      "medium_net_amount": -9387700.0,
      "is_hot_sector": false,
      "dragon_score": 100.0,
      "sentiment_score": 0
    },
    {
      "ts_code": "600370.SH",
      "name": "三房巷",
      "trade_date": "20260312",
      "close": 2.48,
      "pct_chg": 10.22,
      "industry": "化学纤维",
      "basic_score": 170.84120530619538,
      "total_score": 170.84120530619538,
      "score_details": {
        "first_limit_time": 30.0,
        "order_quality": 15.647579378397838,
        "liquidity": 12.19362592779755,
        "money_flow": 10.0,
        "sector": 3.0,
        "dragon_list": 100.0,
        "sentiment": 0
      },
      "first_limit_time": "92502",
      "seal_ratio": 0.3237896891989186,
      "seal_to_mv": 0.008670045727023316,
      "fd_amount": 83785312.0,
      "amount": 258764608.0,
      "float_mv": 9663768178.16,
      "turnover_rate": 2.68,
      "turnover_20ma_ratio": 1.5480877783392648,
      "volume_ratio": 1.82,
      "main_net_amount": 104852400.0,
      "main_net_ratio": 40.52,
      "medium_net_amount": -58510000.0,
      "is_hot_sector": false,
      "dragon_score": 100.0,
      "sentiment_score": 0
    },
    {
      "ts_code": "600691.SH",
      "name": "潞化科技",
      "trade_date": "20260312",
      "close": 4.03,
      "pct_chg": 10.11,
      "industry": "农化制品",
      "basic_score": 167.66788189716635,
      "total_score": 167.66788189716635,
      "score_details": {
        "first_limit_time": 30.0,
        "order_quality": 15.247443041296103,
        "liquidity": 9.420438855870264,
        "money_flow": 10.0,
        "sector": 3.0,
        "dragon_list": 100.0,
        "sentiment": 0
      },
      "first_limit_time": "93031",
      "seal_ratio": 0.12372152064805128,
      "seal_to_mv": 0.005096142200684285,
      "fd_amount": 48788485.0,
      "amount": 394341136.0,
      "float_mv": 9573611386.56,
      "turnover_rate": 4.13,
      "turnover_20ma_ratio": 1.2211316567610795,
      "volume_ratio": 0.81,
      "main_net_amount": 109385600.0,
      "main_net_ratio": 27.74,
      "medium_net_amount": -61534500.0,
      "is_hot_sector": false,
      "dragon_score": 100.0,
      "sentiment_score": 0
    },
    {
      "ts_code": "301667.SZ",
      "name": "纳百川",
      "trade_date": "20260312",
      "close": 79.98,
      "pct_chg": 20.0,
      "industry": "汽车零部件",
      "basic_score": 159.89462945474935,
      "total_score": 159.89462945474935,
      "score_details": {
        "first_limit_time": 24.0,
        "order_quality": 15.178449975800664,
        "liquidity": 12.191179478948694,
        "money_flow": 10.0,
        "sector": 3.0,
        "dragon_list": 95.525,
        "sentiment": 0
      },
      "first_limit_time": "101512",
      "seal_ratio": 0.08922498790033159,
      "seal_to_mv": 0.0381515732274307,
      "fd_amount": 68638756.0,
      "amount": 769277280.0,
      "float_mv": 1799106830.82,
      "turnover_rate": 45.12,
      "turnover_20ma_ratio": 1.7073538436846083,
      "volume_ratio": 7.03,
      "main_net_amount": 173671500.0,
      "main_net_ratio": 22.58,
      "medium_net_amount": -81278700.0,
      "is_hot_sector": false,
      "dragon_score": 95.525,
      "sentiment_score": 0
    },
    {
      "ts_code": "002498.SZ",
      "name": "汉缆股份",
      "trade_date": "20260312",
      "close": 10.38,
      "pct_chg": 9.96,
      "industry": "电网设备",
      "basic_score": 158.91612427543868,
      "total_score": 158.91612427543868,
      "score_details": {
        "first_limit_time": 30.0,
        "order_quality": 15.19063516278715,
        "liquidity": 6.1504891126515595,
        "money_flow": 10.0,
        "sector": 3.0,
        "dragon_list": 94.57499999999999,
        "sentiment": 0
      },
      "first_limit_time": "95727",
      "seal_ratio": 0.09531758139357513,
      "seal_to_mv": 0.007752361127174407,
      "fd_amount": 267705639.0,
      "amount": 2808565168.0,
      "float_mv": 34532142480.0,
      "turnover_rate": 8.44,
      "turnover_20ma_ratio": 0.22014673379546784,
      "volume_ratio": 0.85,
      "main_net_amount": 806373800.0,
      "main_net_ratio": 28.71,
      "medium_net_amount": -282559000.0,
      "is_hot_sector": false,
      "dragon_score": 94.57499999999999,
      "sentiment_score": 0
    },
    {
      "ts_code": "601991.SH",
      "name": "大唐发电",
      "trade_date": "20260312",
      "close": 4.58,
      "pct_chg": 10.1,
      "industry": "电力",
      "basic_score": 155.7074451215267,
      "total_score": 155.7074451215267,
      "score_details": {
        "first_limit_time": 30.0,
        "order_quality": 15.546964691583486,
        "liquidity": 7.160480429943211,
        "money_flow": 10.0,
        "sector": 3.0,
        "dragon_list": 90.0,
        "sentiment": 0
      },
      "first_limit_time": "93533",
      "seal_ratio": 0.2734823457917434,
      "seal_to_mv": 0.0036842977312357755,
      "fd_amount": 209172644.0,
      "amount": 764848800.0,
      "float_mv": 56774088105.48,
      "turnover_rate": 1.38,
      "turnover_20ma_ratio": 0.7081441289829631,
      "volume_ratio": 1.08,
      "main_net_amount": 245553600.0,
      "main_net_ratio": 32.1,
      "medium_net_amount": -117963100.0,
      "is_hot_sector": false,
      "dragon_score": 90.0,
      "sentiment_score": 0
    },
    {
      "ts_code": "002150.SZ",
      "name": "正泰电源",
      "trade_date": "20260312",
      "close": 32.65,
      "pct_chg": 10.01,
      "industry": "通用设备",
      "basic_score": 154.4308422447045,
      "total_score": 154.4308422447045,
      "score_details": {
        "first_limit_time": 30.0,
        "order_quality": 15.164861144744478,
        "liquidity": 9.590981099960011,
        "money_flow": 10.0,
        "sector": 3.0,
        "dragon_list": 86.67500000000001,
        "sentiment": 0
      },
      "first_limit_time": "93124",
      "seal_ratio": 0.08243057237223868,
      "seal_to_mv": 0.005244669706923253,
      "fd_amount": 61396692.0,
      "amount": 744829136.0,
      "float_mv": 11706493531.7,
      "turnover_rate": 6.45,
      "turnover_20ma_ratio": 1.0722943299880037,
      "volume_ratio": 1.21,
      "main_net_amount": 79581500.0,
      "main_net_ratio": 10.68,
      "medium_net_amount": -45368600.0,
      "is_hot_sector": false,
      "dragon_score": 86.67500000000001,
      "sentiment_score": 0
    },
    {
      "ts_code": "300690.SZ",
      "name": "双一科技",
      "trade_date": "20260312",
      "close": 37.4,
      "pct_chg": 19.99,
      "industry": "风电设备",
      "basic_score": 127.95545251946973,
      "total_score": 127.95545251946973,
      "score_details": {
        "first_limit_time": 12.0,
        "order_quality": 15.036164895886442,
        "liquidity": 12.144287623583287,
        "money_flow": 10.0,
        "sector": 3.0,
        "dragon_list": 75.775,
        "sentiment": 0
      },
      "first_limit_time": "132639",
      "seal_ratio": 0.018082447943220756,
      "seal_to_mv": 0.0057617986502948295,
      "fd_amount": 23872420.0,
      "amount": 1320198464.0,
      "float_mv": 4143223574.6,
      "turnover_rate": 33.34,