{
  "success": true,
  "trade_date": "20260309",
  "candidates": [
    {
      "ts_code": "601789.SH",
      "name": "宁波建工",
      "trade_date": "20260309",
      "close": 6.04,
      "pct_chg": 10.02,
      "industry": "房屋建设",
      "basic_score": 168.12909034275688,
      "total_score": 168.12909034275688,
      "score_details": {
        "first_limit_time": 30.0,
        "order_quality": 16.656900242430865,
        "liquidity": 8.47219010032602,
        "money_flow": 10.0,
        "sector": 3.0,
        "dragon_list": 100.0,
        "sentiment": 0
      },
      "first_limit_time": "92504",
      "seal_ratio": 0.8284501212154317,
      "seal_to_mv": 0.035304057580715115,
      "fd_amount": 231745136.0,
      "amount": 279733360.0,
      "float_mv": 6564263483.6,
      "turnover_rate": 4.26,
      "turnover_20ma_ratio": 0.8966570300978063,
      "volume_ratio": 0.89,
      "main_net_amount": 66507000.0,
      "main_net_ratio": 23.78,
      "medium_net_amount": -32411800.0,
      "is_hot_sector": false,
      "dragon_score": 100.0,
      "sentiment_score": 0
    },
    {
      "ts_code": "605268.SH",
      "name": "王力安防",
      "trade_date": "20260309",
      "close": 15.33,
      "pct_chg": 9.97,
      "industry": "家居用品",
      "basic_score": 165.83189334462406,
      "total_score": 165.83189334462406,
      "score_details": {
        "first_limit_time": 30.0,
        "order_quality": 25.0,
        "liquidity": 7.406893344624045,
        "money_flow": 10.0,
        "sector": 3.0,
        "dragon_list": 90.42500000000001,
        "sentiment": 0
      },
      "first_limit_time": "92503",
      "seal_ratio": 8.16268402603906,
      "seal_to_mv": 0.09251508254964613,
      "fd_amount": 624731226.0,
      "amount": 76535025.0,
      "float_mv": 6752750025.0,
      "turnover_rate": 1.13,
      "turnover_20ma_ratio": 0.9070680033872135,
      "volume_ratio": 0.83,
      "main_net_amount": 16421500.0,
      "main_net_ratio": 21.46,
      "medium_net_amount": -9096800.0,
      "is_hot_sector": false,
      "dragon_score": 90.42500000000001,
      "sentiment_score": 0
    },
    {
      "ts_code": "301179.SZ",
      "name": "泽宇智能",
      "trade_date": "20260309",
      "close": 24.07,
      "pct_chg": 19.99,
      "industry": "电网设备",
      "basic_score": 157.4911099595135,
      "total_score": 157.4911099595135,
      "score_details": {
        "first_limit_time": 24.0,
        "order_quality": 15.295561448648233,
        "liquidity": 8.320548510865263,
        "money_flow": 10.0,
        "sector": 3.0,
        "dragon_list": 96.875,
        "sentiment": 0
      },
      "first_limit_time": "101348",
      "seal_ratio": 0.1477807243241164,
      "seal_to_mv": 0.02006540909584083,
      "fd_amount": 114709051.0,
      "amount": 776211184.0,
      "float_mv": 5716756157.43,
      "turnover_rate": 14.59,
      "turnover_20ma_ratio": 0.5161645532595791,
      "volume_ratio": 1.56,
      "main_net_amount": 97292400.0,
      "main_net_ratio": 12.53,
      "medium_net_amount": -46610600.00000001,
      "is_hot_sector": false,
      "dragon_score": 96.875,
      "sentiment_score": 0
    },
    {
      "ts_code": "600268.SH",
      "name": "国电南自",
      "trade_date": "20260309",
      "close": 16.34,
      "pct_chg": 10.03,
      "industry": "电网设备",
      "basic_score": 154.0317278582272,
      "total_score": 154.0317278582272,
      "score_details": {
        "first_limit_time": 24.0,
        "order_quality": 15.268790838571105,
        "liquidity": 7.78793701965613,
        "money_flow": 10.0,
        "sector": 3.0,
        "dragon_list": 93.975,
        "sentiment": 0
      },
      "first_limit_time": "104257",
      "seal_ratio": 0.13439541928555265,
      "seal_to_mv": 0.010921746431833858,
      "fd_amount": 180394318.0,
      "amount": 1342265376.0,
      "float_mv": 16516984634.82,
      "turnover_rate": 8.58,
      "turnover_20ma_ratio": 0.43138110589683926,
      "volume_ratio": 1.41,
      "main_net_amount": 224072100.0,
      "main_net_ratio": 16.69,
      "medium_net_amount": -107190900.0,
      "is_hot_sector": false,
      "dragon_score": 93.975,
      "sentiment_score": 0
    },
    {
      "ts_code": "600851.SH",
      "name": "海欣股份",
      "trade_date": "20260309",
      "close": 8.78,
      "pct_chg": 10.03,
      "industry": "化学制药",
      "basic_score": 153.29590420717457,
      "total_score": 153.29590420717457,
      "score_details": {
        "first_limit_time": 24.0,
        "order_quality": 15.632733480617585,
        "liquidity": 11.463170726556983,
        "money_flow": 10.0,
        "sector": 3.0,
        "dragon_list": 89.2,
        "sentiment": 0
      },
      "first_limit_time": "102130",
      "seal_ratio": 0.31636674030879214,
      "seal_to_mv": 0.011989926366296418,
      "fd_amount": 77712104.0,
      "amount": 245639298.0,
      "float_mv": 6481449645.8,
      "turnover_rate": 3.93,
      "turnover_20ma_ratio": 0.738951217967095,
      "volume_ratio": 3.35,
      "main_net_amount": 45861700.0,
      "main_net_ratio": 18.67,
      "medium_net_amount": -20114000.0,
      "is_hot_sector": false,
      "dragon_score": 89.2,
      "sentiment_score": 0
    },
    {
      "ts_code": "000533.SZ",
      "name": "顺钠股份",
      "trade_date": "20260309",
      "close": 16.37,
      "pct_chg": 10.01,
      "industry": "电网设备",
      "basic_score": 143.16024547824415,
      "total_score": 143.16024547824415,
      "score_details": {
        "first_limit_time": 30.0,
        "order_quality": 15.469034574454728,
        "liquidity": 10.766210903789428,
        "money_flow": 9.625,
        "sector": 3.0,
        "dragon_list": 74.3,
        "sentiment": 0
      },
      "first_limit_time": "93012",
      "seal_ratio": 0.23451728722736423,
      "seal_to_mv": 0.01805935850731037,
      "fd_amount": 202478860.0,
      "amount": 863385648.0,
      "float_mv": 11211852288.0,
      "turnover_rate": 7.84,
      "turnover_20ma_ratio": 1.4398632711368284,
      "volume_ratio": 1.18,
      "main_net_amount": 79903200.0,
      "main_net_ratio": 9.25,
      "medium_net_amount": -51866300.0,
      "is_hot_sector": false,
      "dragon_score": 74.3,
      "sentiment_score": 0
    },
    {
      "ts_code": "000066.SZ",
      "name": "中国长城",
      "trade_date": "20260309",
      "close": 17.26,
      "pct_chg": 10.01,
      "industry": "计算机设",
      "basic_score": 133.54981845094352,
      "total_score": 133.54981845094352,
      "score_details": {
        "first_limit_time": 6.0,
        "order_quality": 15.160834641602634,
        "liquidity": 9.113983809340876,
        "money_flow": 10.0,
        "sector": 3.0,
        "dragon_list": 90.275,
        "sentiment": 0
      },
      "first_limit_time": "140724",
      "seal_ratio": 0.08041732080131693,
      "seal_to_mv": 0.005359302272880552,
      "fd_amount": 298372083.0,
      "amount": 3710296240.0,
      "float_mv": 55673680603.88,
      "turnover_rate": 6.97,
      "turnover_20ma_ratio": 0.36419514280226273,
      "volume_ratio": 2.34,
      "main_net_amount": 1277540000.0,
      "main_net_ratio": 34.43,
      "medium_net_amount": -596755200.0,
      "is_hot_sector": false,
      "dragon_score": 90.275,
      "sentiment_score": 0
    },
    {
      "ts_code": "301606.SZ",
      "name": "绿联科技",
      "trade_date": "20260309",
      "close": 80.88,
      "pct_chg": 20.0,
      "industry": "消费电子",
      "basic_score": 132.70298821174714,
      "total_score": 132.70298821174714,
      "score_details": {
        "first_limit_time": 30.0,
        "order_quality": 15.268803324588202,
        "liquidity": 11.034184887158922,
        "money_flow": 10.0,
        "sector": 3.0,
        "dragon_list": 63.4,
        "sentiment": 0
      },
      "first_limit_time": "94439",
      "seal_ratio": 0.13440166229410086,
      "seal_to_mv": 0.00807517943362511,
      "fd_amount": 143044044.0,
      "amount": 1064302640.0,
      "float_mv": 17714039071.92,
      "turnover_rate": 6.34,