{
  "success": true,
  "trade_date": "20260224",
  "candidates": [
    {
      "ts_code": "605033.SH",
      "name": "美邦股份",
      "trade_date": "20260224",
      "close": 31.54,
      "pct_chg": 10.01,
      "industry": "农化制品",
      "total_score": 173.25557254108156,
      "score_details": {
        "first_limit_time": 30.0,
        "order_quality": 25.0,
        "liquidity": 9.080572541081544,
        "money_flow": 10.0,
        "sector": 3.0,
        "dragon_list": 96.175
      },
      "first_limit_time": "92503",
      "seal_ratio": 5.01268804900212,
      "seal_to_mv": 0.11016420118343195,
      "fd_amount": 469763068.0,
      "amount": 93714802.0,
      "float_mv": 4264208000.0,
      "turnover_rate": 2.2,
      "turnover_20ma_ratio": 1.0791717623244632,
      "volume_ratio": 0.89,
      "main_net_amount": 27673200.0,
      "main_net_ratio": 29.53,
      "medium_net_amount": -15650100.0,
      "is_hot_sector": false,
      "dragon_score": 96.175
    },
    {
      "ts_code": "001896.SZ",
      "name": "豫能控股",
      "trade_date": "20260224",
      "close": 10.03,
      "pct_chg": 9.98,
      "industry": "电力",
      "total_score": 170.68129285988215,
      "score_details": {
        "first_limit_time": 30.0,
        "order_quality": 25.0,
        "liquidity": 2.6812928598821646,
        "money_flow": 10.0,
        "sector": 3.0,
        "dragon_list": 100.0
      },
      "first_limit_time": "92500",
      "seal_ratio": 8.519147763447366,
      "seal_to_mv": 0.02316069624880083,
      "fd_amount": 354441724.0,
      "amount": 41605303.0,
      "float_mv": 15303586739.9,
      "turnover_rate": 0.27,
      "turnover_20ma_ratio": 0.2943878579646493,
      "volume_ratio": 0.12,
      "main_net_amount": 15631600.0,
      "main_net_ratio": 37.57,
      "medium_net_amount": -6902100.0,
      "is_hot_sector": false,
      "dragon_score": 100.0
    },
    {
      "ts_code": "300164.SZ",
      "name": "通源石油",
      "trade_date": "20260224",
      "close": 12.82,
      "pct_chg": 20.04,
      "industry": "油服工程",
      "total_score": 154.99014805948934,
      "score_details": {
        "first_limit_time": 30.0,
        "order_quality": 15.195490506777126,
        "liquidity": 5.094657552712231,
        "money_flow": 10.0,
        "sector": 3.0,
        "dragon_list": 91.69999999999999
      },
      "first_limit_time": "93136",
      "seal_ratio": 0.09774525338856295,
      "seal_to_mv": 0.015476737297197207,
      "fd_amount": 115715884.0,
      "amount": 1183851696.0,
      "float_mv": 7476762173.96,
      "turnover_rate": 16.13,
      "turnover_20ma_ratio": 0.3033972658136691,
      "volume_ratio": 0.65,
      "main_net_amount": 366413800.0,
      "main_net_ratio": 30.95,
      "medium_net_amount": -203926900.0,
      "is_hot_sector": false,
      "dragon_score": 91.69999999999999
    },
    {
      "ts_code": "600339.SH",
      "name": "中油工程",
      "trade_date": "20260224",
      "close": 4.24,
      "pct_chg": 10.13,
      "industry": "油服工程",
      "total_score": 153.7191680673668,
      "score_details": {
        "first_limit_time": 30.0,
        "order_quality": 15.33468077666419,
        "liquidity": 6.309487290702615,
        "money_flow": 10.0,
        "sector": 3.0,
        "dragon_list": 89.075
      },
      "first_limit_time": "93446",
      "seal_ratio": 0.1673403883320946,
      "seal_to_mv": 0.0029715347959742393,
      "fd_amount": 70343792.0,
      "amount": 420363504.0,
      "float_mv": 23672545277.04,
      "turnover_rate": 1.8,
      "turnover_20ma_ratio": 0.4028461872107844,
      "volume_ratio": 1.18,
      "main_net_amount": 87753300.0,
      "main_net_ratio": 20.88,
      "medium_net_amount": -36966900.0,
      "is_hot_sector": false,
      "dragon_score": 89.075
    },
    {
      "ts_code": "603400.SH",
      "name": "华之杰",
      "trade_date": "20260224",
      "close": 67.07,
      "pct_chg": 10.0,
      "industry": "通用设备",
      "total_score": 147.7735837010144,
      "score_details": {
        "first_limit_time": 12.0,
        "order_quality": 15.04288025020606,
        "liquidity": 8.285703450808331,
        "money_flow": 9.445,
        "sector": 3.0,
        "dragon_list": 100.0
      },
      "first_limit_time": "132229",
      "seal_ratio": 0.02144012510303005,
      "seal_to_mv": 0.006295,
      "fd_amount": 8444113.0,
      "amount": 393846256.0,
      "float_mv": 1341400000.0,
      "turnover_rate": 30.09,
      "turnover_20ma_ratio": 0.5357110352424992,
      "volume_ratio": 5.52,
      "main_net_amount": 35006200.0,
      "main_net_ratio": 8.89,
      "medium_net_amount": -28224100.0,
      "is_hot_sector": false,
      "dragon_score": 100.0
    }
  ],
  "summary": {
    "total_limit_up": 91,
    "total_scored": 91,
    "top_n_selected": 5,
    "top_score": 173.25557254108156,
    "generated_at": "2026-02-24T20:10:57.545567"
  }
}