{
  "success": true,
  "trade_date": "20240221",
  "candidates": [
    {
      "ts_code": "300780.SZ",
      "name": "德恩精工",
      "trade_date": "20240221",
      "close": 15.08,
      "pct_chg": 19.97,
      "industry": "通用设备",
      "basic_score": 165.90599470563762,
      "total_score": 165.90599470563762,
      "score_details": {
        "first_limit_time": 30.0,
        "order_quality": 15.57984972830214,
        "liquidity": 7.326144977335472,
        "money_flow": 10.0,
        "sector": 3.0,
        "dragon_list": 100.0,
        "sentiment": 0
      },
      "first_limit_time": "93912",
      "seal_ratio": 0.2899248641510697,
      "seal_to_mv": 0.018750634524689145,
      "fd_amount": 29182816.0,
      "amount": 100656479.0,
      "float_mv": 1556364183.92,
      "turnover_rate": 6.82,
      "turnover_20ma_ratio": 0.6478434932006419,
      "volume_ratio": 0.7,
      "main_net_amount": 44872000.0,
      "main_net_ratio": 44.58,
      "medium_net_amount": -24048800.0,
      "is_hot_sector": false,
      "dragon_score": 100.0,
      "sentiment_score": 0
    },
    {
      "ts_code": "600579.SH",
      "name": "克劳斯",
      "trade_date": "20240221",
      "close": 6.33,
      "pct_chg": 10.09,
      "industry": "专用设备",
      "basic_score": 162.51407397316763,
      "total_score": 162.51407397316763,
      "score_details": {
        "first_limit_time": 30.0,
        "order_quality": 19.648645075466384,
        "liquidity": 7.16542889770123,
        "money_flow": 9.0,
        "sector": 3.0,
        "dragon_list": 93.7,
        "sentiment": 0
      },
      "first_limit_time": "92503",
      "seal_ratio": 2.3243225377331913,
      "seal_to_mv": 0.017330284141876703,
      "fd_amount": 54465427.0,
      "amount": 23432818.0,
      "float_mv": 3142789036.47,
      "turnover_rate": 0.75,
      "turnover_20ma_ratio": 1.624628669310369,
      "volume_ratio": 0.15,
      "main_net_amount": 6974400.000000001,
      "main_net_ratio": 29.76,
      "medium_net_amount": -1912300.0,
      "is_hot_sector": false,
      "dragon_score": 93.7,
      "sentiment_score": 0
    },
    {
      "ts_code": "601798.SH",
      "name": "蓝科高新",
      "trade_date": "20240221",
      "close": 8.27,
      "pct_chg": 9.97,
      "industry": "专用设备",
      "basic_score": 151.54605583355044,
      "total_score": 151.54605583355044,
      "score_details": {
        "first_limit_time": 30.0,
        "order_quality": 17.365724091175633,
        "liquidity": 9.730331742374801,
        "money_flow": 0,
        "sector": 3.0,
        "dragon_list": 91.44999999999999,
        "sentiment": 0
      },
      "first_limit_time": "94022",
      "seal_ratio": 1.182862045587817,
      "seal_to_mv": 0.08936073673708705,
      "fd_amount": 262001051.0,
      "amount": 221497555.0,
      "float_mv": 2931948197.46,
      "turnover_rate": 7.85,
      "turnover_20ma_ratio": 0.7590995227124401,
      "volume_ratio": 1.92,
      "main_net_amount": -5908099.999999999,
      "main_net_ratio": -2.67,
      "medium_net_amount": -12799400.0,
      "is_hot_sector": false,
      "dragon_score": 91.44999999999999,
      "sentiment_score": 0
    },
    {
      "ts_code": "300935.SZ",
      "name": "盈建科",
      "trade_date": "20240221",
      "close": 19.32,
      "pct_chg": 20.0,
      "industry": "软件开发",
      "basic_score": 142.35474324758746,
      "total_score": 147.35474324758746,
      "score_details": {
        "first_limit_time": 30.0,
        "order_quality": 19.5664403217731,
        "liquidity": 11.413302925814381,
        "money_flow": 10.0,
        "sector": 3.0,
        "dragon_list": 68.375,
        "sentiment": 5.0
      },
      "first_limit_time": "94439",
      "seal_ratio": 2.28322016088655,
      "seal_to_mv": 0.09632376835871764,
      "fd_amount": 83402546.0,
      "amount": 36528473.0,
      "float_mv": 865856344.92,
      "turnover_rate": 4.5,
      "turnover_20ma_ratio": 1.918990877744315,
      "volume_ratio": 0.61,
      "main_net_amount": 10928400.0,
      "main_net_ratio": 29.92,
      "medium_net_amount": -6563700.0,
      "is_hot_sector": false,
      "dragon_score": 68.375,
      "sentiment_score": 5
    },
    {
      "ts_code": "300781.SZ",
      "name": "因赛集团",
      "trade_date": "20240221",
      "close": 42.42,
      "pct_chg": 20.0,
      "industry": "文化传媒",
      "basic_score": 140.70052274757126,
      "total_score": 140.70052274757126,
      "score_details": {
        "first_limit_time": 30.0,
        "order_quality": 15.518595067130116,
        "liquidity": 10.691927680441143,
        "money_flow": 9.49,
        "sector": 3.0,
        "dragon_list": 72.0,
        "sentiment": 0
      },
      "first_limit_time": "92500",
      "seal_ratio": 0.2592975335650578,
      "seal_to_mv": 0.041077843066894146,
      "fd_amount": 141325835.0,
      "amount": 545033472.0,
      "float_mv": 3440439527.7,
      "turnover_rate": 15.85,
      "turnover_20ma_ratio": 1.3825783041323427,
      "volume_ratio": 1.85,
      "main_net_amount": 48954300.0,
      "main_net_ratio": 8.98,
      "medium_net_amount": -43284500.0,
      "is_hot_sector": false,
      "dragon_score": 72.0,
      "sentiment_score": 0
    }
  ],
  "summary": {
    "total_limit_up": 132,
    "total_scored": 132,
    "top_n_selected": 5,
    "top_score": 165.90599470563762,
    "generated_at": "2026-02-25T05:21:54.595437"
  }
}