{
  "success": true,
  "trade_date": "20260403",
  "candidates": [
    {
      "ts_code": "300608.SZ",
      "name": "思特奇",
      "trade_date": "20260403",
      "close": 12.9,
      "pct_chg": 20.0,
      "industry": "软件开发",
      "basic_score": 164.63898551602233,
      "total_score": 164.63898551602233,
      "score_details": {
        "first_limit_time": 30.0,
        "order_quality": 15.178024536100626,
        "liquidity": 11.810960979921706,
        "money_flow": 10.0,
        "sector": 3.0,
        "dragon_list": 94.65,
        "sentiment": 0
      },
      "first_limit_time": "95642",
      "seal_ratio": 0.08901226805031326,
      "seal_to_mv": 0.011987470913999591,
      "fd_amount": 44470428.0,
      "amount": 499598864.0,
      "float_mv": 3709742306.7,
      "turnover_rate": 14.1,
      "turnover_20ma_ratio": 0.8432882939765121,
      "volume_ratio": 4.31,
      "main_net_amount": 145053900.0,
      "main_net_ratio": 29.03,
      "medium_net_amount": -66752299.99999999,
      "is_hot_sector": false,
      "dragon_score": 94.65,
      "sentiment_score": 0.0
    },
    {
      "ts_code": "000950.SZ",
      "name": "重药控股",
      "trade_date": "20260403",
      "close": 7.14,
      "pct_chg": 10.02,
      "industry": "医药商业",
      "basic_score": 163.0795130507579,
      "total_score": 163.0795130507579,
      "score_details": {
        "first_limit_time": 30.0,
        "order_quality": 15.18875777881791,
        "liquidity": 13.265755271939987,
        "money_flow": 10.0,
        "sector": 3.0,
        "dragon_list": 91.625,
        "sentiment": 0
      },
      "first_limit_time": "93127",
      "seal_ratio": 0.09437888940895549,
      "seal_to_mv": 0.00832645029833723,
      "fd_amount": 102742058.0,
      "amount": 1088612704.0,
      "float_mv": 12339238729.44,
      "turnover_rate": 8.97,
      "turnover_20ma_ratio": 1.2797265815819965,
      "volume_ratio": 3.89,
      "main_net_amount": 140240200.0,
      "main_net_ratio": 12.88,
      "medium_net_amount": -72113800.0,
      "is_hot_sector": false,
      "dragon_score": 91.625,
      "sentiment_score": 0.0
    },
    {
      "ts_code": "300812.SZ",
      "name": "易天股份",
      "trade_date": "20260403",
      "close": 40.5,
      "pct_chg": 20.0,
      "industry": "消费电子",
      "basic_score": 159.33014291209884,
      "total_score": 159.33014291209884,
      "score_details": {
        "first_limit_time": 24.0,
        "order_quality": 15.221284941484317,
        "liquidity": 9.108857970614519,
        "money_flow": 10.0,
        "sector": 3.0,
        "dragon_list": 98.0,
        "sentiment": 0
      },
      "first_limit_time": "101300",
      "seal_ratio": 0.11064247074215888,
      "seal_to_mv": 0.025061014923438638,
      "fd_amount": 94095999.0,
      "amount": 850450992.0,
      "float_mv": 3754676308.5,
      "turnover_rate": 24.26,
      "turnover_20ma_ratio": 0.8026573911843556,
      "volume_ratio": 2.96,
      "main_net_amount": 184617200.0,
      "main_net_ratio": 21.71,
      "medium_net_amount": -56773600.0,
      "is_hot_sector": false,
      "dragon_score": 98.0,
      "sentiment_score": 0.0
    },
    {
      "ts_code": "000720.SZ",
      "name": "新能泰山",
      "trade_date": "20260403",
      "close": 5.94,
      "pct_chg": 10.0,
      "industry": "电网设备",
      "basic_score": 147.5841926379144,
      "total_score": 147.5841926379144,
      "score_details": {
        "first_limit_time": 24.0,
        "order_quality": 15.13985296622016,
        "liquidity": 6.744339671694247,
        "money_flow": 2.5,
        "sector": 3.0,
        "dragon_list": 96.2,
        "sentiment": 0
      },
      "first_limit_time": "100033",
      "seal_ratio": 0.06992648311007979,
      "seal_to_mv": 0.015747258081450097,
      "fd_amount": 117534346.0,
      "amount": 1680827360.0,
      "float_mv": 7463797531.74,
      "turnover_rate": 23.45,
      "turnover_20ma_ratio": 0.9083019015082743,
      "volume_ratio": 1.33,
      "main_net_amount": -234419100.0,
      "main_net_ratio": -13.95,
      "medium_net_amount": 51554100.0,
      "is_hot_sector": false,
      "dragon_score": 96.2,
      "sentiment_score": 0.0
    },
    {
      "ts_code": "000586.SZ",
      "name": "汇源通信",
      "trade_date": "20260403",
      "close": 18.87,
      "pct_chg": 10.03,
      "industry": "通信设备",
      "basic_score": 147.41225533495958,
      "total_score": 147.41225533495958,
      "score_details": {
        "first_limit_time": 30.0,
        "order_quality": 18.79708626094769,
        "liquidity": 8.54016907401187,
        "money_flow": 10.0,
        "sector": 3.0,
        "dragon_list": 77.075,
        "sentiment": 0
      },
      "first_limit_time": "92500",
      "seal_ratio": 1.898543130473845,
      "seal_to_mv": 0.04100817820813077,
      "fd_amount": 149688577.0,
      "amount": 78843917.0,
      "float_mv": 3650212800.0,
      "turnover_rate": 2.16,
      "turnover_20ma_ratio": 1.1370507222035606,
      "volume_ratio": 0.45,
      "main_net_amount": 21960500.0,
      "main_net_ratio": 27.85,
      "medium_net_amount": -13110900.0,
      "is_hot_sector": false,
      "dragon_score": 77.075,
      "sentiment_score": 0.0
    },
    {
      "ts_code": "003031.SZ",
      "name": "中瓷电子",
      "trade_date": "20260403",
      "close": 88.57,
      "pct_chg": 10.0,
      "industry": "通信设备",
      "basic_score": 143.98874060979273,
      "total_score": 143.98874060979273,
      "score_details": {
        "first_limit_time": 24.0,
        "order_quality": 15.101547606174282,
        "liquidity": 11.337193003618463,
        "money_flow": 10.0,
        "sector": 3.0,
        "dragon_list": 80.55,
        "sentiment": 0
      },
      "first_limit_time": "103442",
      "seal_ratio": 0.05077380308714136,
      "seal_to_mv": 0.0027504206413379237,
      "fd_amount": 82863789.0,
      "amount": 1632018560.0,
      "float_mv": 30127678564.72,
      "turnover_rate": 5.56,
      "turnover_20ma_ratio": 1.336157901085539,
      "volume_ratio": 1.73,
      "main_net_amount": 312768600.0,
      "main_net_ratio": 19.16,
      "medium_net_amount": -196106699.99999997,
      "is_hot_sector": false,
      "dragon_score": 80.55,
      "sentiment_score": 0.0
    },
    {
      "ts_code": "002222.SZ",
      "name": "福晶科技",
      "trade_date": "20260403",
      "close": 75.46,
      "pct_chg": 10.0,
      "industry": "光学光电",
      "basic_score": 139.5160527314538,
      "total_score": 139.5160527314538,
      "score_details": {
        "first_limit_time": 24.0,
        "order_quality": 15.0196378657094,
        "liquidity": 9.62141486574441,
        "money_flow": 10.0,
        "sector": 3.0,
        "dragon_list": 77.875,
        "sentiment": 0
      },
      "first_limit_time": "102948",
      "seal_ratio": 0.009818932854700457,
      "seal_to_mv": 0.001002988945382896,
      "fd_amount": 35432318.0,
      "amount": 3608571168.0,
      "float_mv": 35326728338.44,
      "turnover_rate": 10.44,
      "turnover_20ma_ratio": 1.046424459723323,
      "volume_ratio": 1.28,
      "main_net_amount": 621509000.0,
      "main_net_ratio": 17.22,
      "medium_net_amount": -309518300.0,
      "is_hot_sector": false,
      "dragon_score": 77.875,
      "sentiment_score": 0.0
    },
    {
      "ts_code": "605303.SH",
      "name": "园林股份",
      "trade_date": "20260403",
      "close": 17.77,
      "pct_chg": 10.03,
      "industry": "基础建设",
      "basic_score": 138.94400254916485,
      "total_score": 138.94400254916485,
      "score_details": {
        "first_limit_time": 6.0,
        "order_quality": 15.944002549164832,
        "liquidity": 9.0,
        "money_flow": 5.0,
        "sector": 3.0,
        "dragon_list": 100.0,
        "sentiment": 0
      },
      "first_limit_time": "141254",
      "seal_ratio": 0.47200127458241614,
      "seal_to_mv": 0.02643989414664865,
      "fd_amount": 75755287.0,
      "amount": 160498056.0,
      "float_mv": 2865188740.16,
      "turnover_rate": 5.84,
      "turnover_20ma_ratio": 1.0,