{
  "success": true,
  "trade_date": "20260330",
  "candidates": [
    {
      "ts_code": "301008.SZ",
      "name": "宏昌科技",
      "trade_date": "20260330",
      "close": 35.24,
      "pct_chg": 19.99,
      "industry": "家电零部",
      "basic_score": 171.6373479209925,
      "total_score": 171.6373479209925,
      "score_details": {
        "first_limit_time": 30.0,
        "order_quality": 16.014400723397625,
        "liquidity": 12.622947197594865,
        "money_flow": 10.0,
        "sector": 3.0,
        "dragon_list": 100.0,
        "sentiment": 0
      },
      "first_limit_time": "92500",
      "seal_ratio": 0.5072003616988124,
      "seal_to_mv": 0.03178660392539437,
      "fd_amount": 129762948.0,
      "amount": 255841592.0,
      "float_mv": 4082315566.16,
      "turnover_rate": 6.27,
      "turnover_20ma_ratio": 1.0868841592784595,
      "volume_ratio": 4.57,
      "main_net_amount": 61028800.0,
      "main_net_ratio": 23.85,
      "medium_net_amount": -40917300.0,
      "is_hot_sector": false,
      "dragon_score": 100.0,
      "sentiment_score": 0
    },
    {
      "ts_code": "600502.SH",
      "name": "安徽建工",
      "trade_date": "20260330",
      "close": 5.12,
      "pct_chg": 10.11,
      "industry": "基础建设",
      "basic_score": 168.96603414250006,
      "total_score": 168.96603414250006,
      "score_details": {
        "first_limit_time": 30.0,
        "order_quality": 15.240696701016223,
        "liquidity": 10.725337441483859,
        "money_flow": 10.0,
        "sector": 3.0,
        "dragon_list": 100.0,
        "sentiment": 0
      },
      "first_limit_time": "93021",
      "seal_ratio": 0.12034835050811135,
      "seal_to_mv": 0.004343866880116996,
      "fd_amount": 38176742.0,
      "amount": 317218656.0,
      "float_mv": 8788653762.56,
      "turnover_rate": 3.62,
      "turnover_20ma_ratio": 0.9076012324451573,
      "volume_ratio": 2.22,
      "main_net_amount": 91995100.0,
      "main_net_ratio": 29.0,
      "medium_net_amount": -52245600.00000001,
      "is_hot_sector": false,
      "dragon_score": 100.0,
      "sentiment_score": 0
    },
    {
      "ts_code": "601388.SH",
      "name": "怡球资源",
      "trade_date": "20260330",
      "close": 3.94,
      "pct_chg": 10.06,
      "industry": "工业金属",
      "basic_score": 167.13703421230596,
      "total_score": 167.13703421230596,
      "score_details": {
        "first_limit_time": 30.0,
        "order_quality": 15.153809090713278,
        "liquidity": 14.283225121592684,
        "money_flow": 10.0,
        "sector": 3.0,
        "dragon_list": 94.69999999999999,
        "sentiment": 0
      },
      "first_limit_time": "93004",
      "seal_ratio": 0.07690454535663883,
      "seal_to_mv": 0.0051245611952226095,
      "fd_amount": 44444382.0,
      "amount": 577916192.0,
      "float_mv": 8672817107.04,
      "turnover_rate": 6.75,
      "turnover_20ma_ratio": 1.6699675364778055,
      "volume_ratio": 2.83,
      "main_net_amount": 158694400.0,
      "main_net_ratio": 27.46,
      "medium_net_amount": -75516000.0,
      "is_hot_sector": false,
      "dragon_score": 94.69999999999999,
      "sentiment_score": 0
    },
    {
      "ts_code": "000592.SZ",
      "name": "平潭发展",
      "trade_date": "20260330",
      "close": 11.62,
      "pct_chg": 10.04,
      "industry": "林业Ⅱ",
      "basic_score": 147.925426808148,
      "total_score": 147.925426808148,
      "score_details": {
        "first_limit_time": 24.0,
        "order_quality": 15.061306766047228,
        "liquidity": 8.289120042100782,
        "money_flow": 10.0,
        "sector": 3.0,
        "dragon_list": 87.57499999999999,
        "sentiment": 0
      },
      "first_limit_time": "100533",
      "seal_ratio": 0.030653383023613704,
      "seal_to_mv": 0.006749862616910153,
      "fd_amount": 150207219.0,
      "amount": 4900184064.0,
      "float_mv": 22253374257.38,
      "turnover_rate": 22.49,
      "turnover_20ma_ratio": 1.1767360126302346,
      "volume_ratio": 1.72,
      "main_net_amount": 1788807300.0,
      "main_net_ratio": 36.5,
      "medium_net_amount": -896493000.0,
      "is_hot_sector": false,
      "dragon_score": 87.57499999999999,
      "sentiment_score": 0
    },
    {
      "ts_code": "300385.SZ",
      "name": "雪浪环境",
      "trade_date": "20260330",
      "close": 19.82,
      "pct_chg": 19.98,
      "industry": "环境治理",
      "basic_score": 144.8033672595118,
      "total_score": 144.8033672595118,
      "score_details": {
        "first_limit_time": 18.0,
        "order_quality": 15.185890119841968,
        "liquidity": 6.497477139669801,
        "money_flow": 9.469999999999999,
        "sector": 3.0,
        "dragon_list": 92.65,
        "sentiment": 0
      },
      "first_limit_time": "111157",
      "seal_ratio": 0.0929450599209836,
      "seal_to_mv": 0.018795343348702327,
      "fd_amount": 108278721.0,
      "amount": 1164975536.0,
      "float_mv": 5760933386.06,
      "turnover_rate": 22.74,
      "turnover_20ma_ratio": 0.9092431419009404,
      "volume_ratio": 1.18,
      "main_net_amount": 104131100.0,
      "main_net_ratio": 8.94,
      "medium_net_amount": -45729300.0,
      "is_hot_sector": false,
      "dragon_score": 92.65,
      "sentiment_score": 0
    },
    {
      "ts_code": "600359.SH",
      "name": "新农开发",
      "trade_date": "20260330",
      "close": 7.65,
      "pct_chg": 10.07,
      "industry": "种植业",
      "basic_score": 142.58377180762568,
      "total_score": 142.58377180762568,
      "score_details": {
        "first_limit_time": 24.0,
        "order_quality": 15.867154837556221,
        "liquidity": 9.866616970069463,
        "money_flow": 10.0,
        "sector": 3.0,
        "dragon_list": 79.85,
        "sentiment": 0
      },
      "first_limit_time": "100657",
      "seal_ratio": 0.43357741877811007,
      "seal_to_mv": 0.0223103905132205,
      "fd_amount": 65114505.0,
      "amount": 150179650.0,
      "float_mv": 2918573073.0,
      "turnover_rate": 5.33,
      "turnover_20ma_ratio": 0.8999850910208391,
      "volume_ratio": 1.72,
      "main_net_amount": 40886300.0,
      "main_net_ratio": 27.22,
      "medium_net_amount": -12323699.999999998,
      "is_hot_sector": false,
      "dragon_score": 79.85,
      "sentiment_score": 0
    },
    {
      "ts_code": "003042.SZ",
      "name": "中农联合",
      "trade_date": "20260330",
      "close": 19.77,
      "pct_chg": 10.02,
      "industry": "农化制品",
      "basic_score": 140.98292344988536,
      "total_score": 140.98292344988536,
      "score_details": {
        "first_limit_time": 30.0,
        "order_quality": 15.8662567832187,
        "liquidity": 17.616666666666667,
        "money_flow": 10.0,
        "sector": 3.0,
        "dragon_list": 64.5,
        "sentiment": 0
      },
      "first_limit_time": "93727",
      "seal_ratio": 0.4331283916093502,
      "seal_to_mv": 0.0477848260904779,
      "fd_amount": 120323185.0,
      "amount": 277800272.0,
      "float_mv": 2518020778.65,
      "turnover_rate": 11.22,
      "turnover_20ma_ratio": 3.617937807487858,
      "volume_ratio": 2.17,
      "main_net_amount": 64556600.0,
      "main_net_ratio": 23.24,
      "medium_net_amount": -27259600.0,
      "is_hot_sector": false,
      "dragon_score": 64.5,
      "sentiment_score": 0
    },
    {
      "ts_code": "603585.SH",
      "name": "苏利股份",
      "trade_date": "20260330",
      "close": 22.81,
      "pct_chg": 9.98,
      "industry": "农化制品",
      "basic_score": 140.84654669111342,
      "total_score": 140.84654669111342,
      "score_details": {
        "first_limit_time": 30.0,
        "order_quality": 15.46106707745903,
        "liquidity": 11.310479613654394,
        "money_flow": 10.0,
        "sector": 3.0,
        "dragon_list": 71.075,
        "sentiment": 0
      },
      "first_limit_time": "94003",
      "seal_ratio": 0.23053353872951457,
      "seal_to_mv": 0.012395543231775163,
      "fd_amount": 51667410.0,
      "amount": 224121012.0,
      "float_mv": 4168224742.87,