{
  "success": true,
  "trade_date": "20260327",
  "candidates": [
    {
      "ts_code": "300858.SZ",
      "name": "科拓生物",
      "trade_date": "20260327",
      "close": 18.19,
      "pct_chg": 19.99,
      "industry": "化学制品",
      "basic_score": 169.56643751487604,
      "total_score": 169.56643751487604,
      "score_details": {
        "first_limit_time": 24.0,
        "order_quality": 15.34031576105002,
        "liquidity": 17.226121753826014,
        "money_flow": 10.0,
        "sector": 3.0,
        "dragon_list": 100.0,
        "sentiment": 0
      },
      "first_limit_time": "100745",
      "seal_ratio": 0.1701578805250103,
      "seal_to_mv": 0.012632461780273614,
      "fd_amount": 44978049.0,
      "amount": 264331272.0,
      "float_mv": 3560513364.88,
      "turnover_rate": 7.81,
      "turnover_20ma_ratio": 2.467836526147804,
      "volume_ratio": 4.91,
      "main_net_amount": 83156700.0,
      "main_net_ratio": 31.46,
      "medium_net_amount": -34321500.0,
      "is_hot_sector": false,
      "dragon_score": 100.0,
      "sentiment_score": 0
    },
    {
      "ts_code": "002310.SZ",
      "name": "东方新能",
      "trade_date": "20260327",
      "close": 3.84,
      "pct_chg": 10.03,
      "industry": "电力",
      "basic_score": 167.08033117727635,
      "total_score": 167.08033117727635,
      "score_details": {
        "first_limit_time": 30.0,
        "order_quality": 15.27394632936947,
        "liquidity": 8.806384847906878,
        "money_flow": 10.0,
        "sector": 3.0,
        "dragon_list": 100.0,
        "sentiment": 0
      },
      "first_limit_time": "94524",
      "seal_ratio": 0.13697316468473555,
      "seal_to_mv": 0.017227348033663843,
      "fd_amount": 277779805.0,
      "amount": 2027987056.0,
      "float_mv": 16124350913.28,
      "turnover_rate": 13.08,
      "turnover_20ma_ratio": 1.1119154543720633,
      "volume_ratio": 0.66,
      "main_net_amount": 801694500.0,
      "main_net_ratio": 39.53,
      "medium_net_amount": -321598500.0,
      "is_hot_sector": false,
      "dragon_score": 100.0,
      "sentiment_score": 0
    },
    {
      "ts_code": "300204.SZ",
      "name": "舒泰神",
      "trade_date": "20260327",
      "close": 27.76,
      "pct_chg": 20.02,
      "industry": "化学制药",
      "basic_score": 159.2120865289908,
      "total_score": 159.2120865289908,
      "score_details": {
        "first_limit_time": 12.0,
        "order_quality": 15.144226197519252,
        "liquidity": 13.667860331471536,
        "money_flow": 10.0,
        "sector": 10.0,
        "dragon_list": 98.4,
        "sentiment": 0
      },
      "first_limit_time": "133330",
      "seal_ratio": 0.0721130987596261,
      "seal_to_mv": 0.008254809377172857,
      "fd_amount": 103958812.0,
      "amount": 1441607888.0,
      "float_mv": 12593726547.76,
      "turnover_rate": 12.28,
      "turnover_20ma_ratio": 1.4003580994414606,
      "volume_ratio": 4.8,
      "main_net_amount": 333883000.0,
      "main_net_ratio": 23.16,
      "medium_net_amount": -123607200.0,
      "is_hot_sector": true,
      "dragon_score": 98.4,
      "sentiment_score": 0
    },
    {
      "ts_code": "600110.SH",
      "name": "诺德股份",
      "trade_date": "20260327",
      "close": 8.66,
      "pct_chg": 10.04,
      "industry": "电池",
      "basic_score": 153.3722610727927,
      "total_score": 153.3722610727927,
      "score_details": {
        "first_limit_time": 18.0,
        "order_quality": 15.2580154611184,
        "liquidity": 9.63924561167429,
        "money_flow": 10.0,
        "sector": 3.0,
        "dragon_list": 97.475,
        "sentiment": 0
      },
      "first_limit_time": "112940",
      "seal_ratio": 0.12900773055920042,
      "seal_to_mv": 0.01244934605954013,
      "fd_amount": 187072176.0,
      "amount": 1450085008.0,
      "float_mv": 15026666871.12,
      "turnover_rate": 10.15,
      "turnover_20ma_ratio": 0.9567736835022874,
      "volume_ratio": 1.47,
      "main_net_amount": 368424000.0,
      "main_net_ratio": 25.41,
      "medium_net_amount": -186127200.0,
      "is_hot_sector": false,
      "dragon_score": 97.475,
      "sentiment_score": 0
    },
    {
      "ts_code": "600227.SH",
      "name": "赤天化",
      "trade_date": "20260327",
      "close": 4.27,
      "pct_chg": 10.05,
      "industry": "农化制品",
      "basic_score": 151.85473198056224,
      "total_score": 151.85473198056224,
      "score_details": {
        "first_limit_time": 30.0,
        "order_quality": 15.173556546376044,
        "liquidity": 7.531175434186197,
        "money_flow": 10.0,
        "sector": 10.0,
        "dragon_list": 79.15,
        "sentiment": 0
      },
      "first_limit_time": "93414",
      "seal_ratio": 0.0867782731880221,
      "seal_to_mv": 0.021356138882435167,
      "fd_amount": 116505237.0,
      "amount": 1342562288.0,
      "float_mv": 5455351158.81,
      "turnover_rate": 25.07,
      "turnover_20ma_ratio": 1.2893526302558591,
      "volume_ratio": 1.04,
      "main_net_amount": 326880700.0,
      "main_net_ratio": 24.35,
      "medium_net_amount": -125456600.0,
      "is_hot_sector": true,
      "dragon_score": 79.15,
      "sentiment_score": 0
    },
    {
      "ts_code": "300461.SZ",
      "name": "田中精机",
      "trade_date": "20260327",
      "close": 55.63,
      "pct_chg": 20.0,
      "industry": "自动化设",
      "basic_score": 139.8990228021685,
      "total_score": 139.8990228021685,
      "score_details": {
        "first_limit_time": 24.0,
        "order_quality": 15.20152365211969,
        "liquidity": 14.272499150048812,
        "money_flow": 12.5,
        "sector": 3.0,
        "dragon_list": 70.925,
        "sentiment": 0
      },
      "first_limit_time": "103521",
      "seal_ratio": 0.10076182605984456,
      "seal_to_mv": 0.010431217992505208,
      "fd_amount": 83389370.0,
      "amount": 827588912.0,
      "float_mv": 7994212186.91,
      "turnover_rate": 11.11,
      "turnover_20ma_ratio": 2.3067497450146437,
      "volume_ratio": 1.55,
      "main_net_amount": 110327400.0,
      "main_net_ratio": 13.33,
      "medium_net_amount": 4456700.0,
      "is_hot_sector": false,
      "dragon_score": 70.925,
      "sentiment_score": 0
    },
    {
      "ts_code": "600310.SH",
      "name": "广西能源",
      "trade_date": "20260327",
      "close": 6.6,
      "pct_chg": 10.0,
      "industry": "电力",
      "basic_score": 130.09079420293085,
      "total_score": 130.09079420293085,
      "score_details": {
        "first_limit_time": 30.0,
        "order_quality": 17.230576083472524,
        "liquidity": 7.335218119458307,
        "money_flow": 2.5,
        "sector": 3.0,
        "dragon_list": 70.025,
        "sentiment": 0
      },
      "first_limit_time": "92501",
      "seal_ratio": 1.1152880417362623,
      "seal_to_mv": 0.03233763199515841,
      "fd_amount": 312824252.0,
      "amount": 280487408.0,
      "float_mv": 9673690765.2,
      "turnover_rate": 2.9,
      "turnover_20ma_ratio": 0.9105654358374922,
      "volume_ratio": 0.18,
      "main_net_amount": -3560000.0,
      "main_net_ratio": -1.27,
      "medium_net_amount": 11125400.0,
      "is_hot_sector": false,
      "dragon_score": 70.025,
      "sentiment_score": 0
    },
    {
      "ts_code": "002460.SZ",
      "name": "赣锋锂业",
      "trade_date": "20260327",
      "close": 79.67,
      "pct_chg": 10.0,
      "industry": "能源金属",
      "basic_score": 129.87864738152612,
      "total_score": 129.87864738152612,
      "score_details": {
        "first_limit_time": 12.0,
        "order_quality": 15.043601420297074,
        "liquidity": 12.410045961229057,
        "money_flow": 10.0,
        "sector": 10.0,
        "dragon_list": 70.425,
        "sentiment": 0
      },
      "first_limit_time": "131836",
      "seal_ratio": 0.0218007101485368,
      "seal_to_mv": 0.0022756488766455113,
      "fd_amount": 219624297.0,
      "amount": 10074180864.0,
      "float_mv": 96510625718.21,
      "turnover_rate": 10.83,
      "turnover_20ma_ratio": 1.6130137883687172,