{
  "success": true,
  "trade_date": "20260317",
  "candidates": [
    {
      "ts_code": "000020.SZ",
      "name": "深华发Ａ",
      "trade_date": "20260317",
      "close": 17.53,
      "pct_chg": 9.97,
      "industry": "光学光电",
      "basic_score": 169.2204582455447,
      "total_score": 169.2204582455447,
      "score_details": {
        "first_limit_time": 30.0,
        "order_quality": 20.711907324727477,
        "liquidity": 10.833550920817231,
        "money_flow": 10.0,
        "sector": 3.0,
        "dragon_list": 94.67500000000001,
        "sentiment": 0
      },
      "first_limit_time": "92500",
      "seal_ratio": 2.855953662363739,
      "seal_to_mv": 0.11694782226025521,
      "fd_amount": 371406321.0,
      "amount": 130046340.0,
      "float_mv": 3175829304.23,
      "turnover_rate": 4.09,
      "turnover_20ma_ratio": 0.9300652762451692,
      "volume_ratio": 2.24,
      "main_net_amount": 28392500.0,
      "main_net_ratio": 21.83,
      "medium_net_amount": -16821800.0,
      "is_hot_sector": false,
      "dragon_score": 94.67500000000001,
      "sentiment_score": 0
    },
    {
      "ts_code": "002565.SZ",
      "name": "顺灏股份",
      "trade_date": "20260317",
      "close": 14.74,
      "pct_chg": 10.0,
      "industry": "包装印刷",
      "basic_score": 167.7133865680978,
      "total_score": 167.7133865680978,
      "score_details": {
        "first_limit_time": 30.0,
        "order_quality": 15.235427213069308,
        "liquidity": 9.477959355028492,
        "money_flow": 10.0,
        "sector": 3.0,
        "dragon_list": 100.0,
        "sentiment": 0
      },
      "first_limit_time": "93000",
      "seal_ratio": 0.11771360653465422,
      "seal_to_mv": 0.009928599746453265,
      "fd_amount": 155120207.0,
      "amount": 1317776352.0,
      "float_mv": 15623573410.28,
      "turnover_rate": 8.45,
      "turnover_20ma_ratio": 0.983387806508548,
      "volume_ratio": 1.32,
      "main_net_amount": 659900200.0,
      "main_net_ratio": 50.08,
      "medium_net_amount": -370213500.0,
      "is_hot_sector": false,
      "dragon_score": 100.0,
      "sentiment_score": 0
    },
    {
      "ts_code": "600307.SH",
      "name": "酒钢宏兴",
      "trade_date": "20260317",
      "close": 2.2,
      "pct_chg": 10.0,
      "industry": "普钢",
      "basic_score": 166.90258759849706,
      "total_score": 166.90258759849706,
      "score_details": {
        "first_limit_time": 30.0,
        "order_quality": 15.852745702872646,
        "liquidity": 8.049841895624422,
        "money_flow": 10.0,
        "sector": 3.0,
        "dragon_list": 100.0,
        "sentiment": 0
      },
      "first_limit_time": "93306",
      "seal_ratio": 0.426372851436323,
      "seal_to_mv": 0.013454111418496567,
      "fd_amount": 185389399.0,
      "amount": 434805824.0,
      "float_mv": 13779386332.8,
      "turnover_rate": 3.21,
      "turnover_20ma_ratio": 0.9099525686873267,
      "volume_ratio": 0.61,
      "main_net_amount": 164073600.0,
      "main_net_ratio": 37.73,
      "medium_net_amount": -64236300.0,
      "is_hot_sector": false,
      "dragon_score": 100.0,
      "sentiment_score": 0
    },
    {
      "ts_code": "603387.SH",
      "name": "基蛋生物",
      "trade_date": "20260317",
      "close": 9.44,
      "pct_chg": 10.02,
      "industry": "医疗器械",
      "basic_score": 164.50134387804871,
      "total_score": 164.50134387804871,
      "score_details": {
        "first_limit_time": 24.0,
        "order_quality": 15.135828408631543,
        "liquidity": 12.365515469417172,
        "money_flow": 10.0,
        "sector": 3.0,
        "dragon_list": 100.0,
        "sentiment": 0
      },
      "first_limit_time": "102401",
      "seal_ratio": 0.06791420431577123,
      "seal_to_mv": 0.005070079989813193,
      "fd_amount": 24273156.0,
      "amount": 357409120.0,
      "float_mv": 4787529200.48,
      "turnover_rate": 7.62,
      "turnover_20ma_ratio": 1.0096546408251519,
      "volume_ratio": 6.33,
      "main_net_amount": 99416299.99999999,
      "main_net_ratio": 27.82,
      "medium_net_amount": -59238600.0,
      "is_hot_sector": false,
      "dragon_score": 100.0,
      "sentiment_score": 0
    },
    {
      "ts_code": "600569.SH",
      "name": "安阳钢铁",
      "trade_date": "20260317",
      "close": 2.82,
      "pct_chg": 10.16,
      "industry": "普钢",
      "basic_score": 160.46849160800147,
      "total_score": 160.46849160800147,
      "score_details": {
        "first_limit_time": 30.0,
        "order_quality": 15.13162626027285,
        "liquidity": 8.286865347728625,
        "money_flow": 10.0,
        "sector": 3.0,
        "dragon_list": 94.05,
        "sentiment": 0
      },
      "first_limit_time": "93128",
      "seal_ratio": 0.06581313013642502,
      "seal_to_mv": 0.0019722442863982586,
      "fd_amount": 15975629.0,
      "amount": 242742276.0,
      "float_mv": 8100228308.52,
      "turnover_rate": 3.03,
      "turnover_20ma_ratio": 0.7610596043185873,
      "volume_ratio": 1.05,
      "main_net_amount": 107081600.0,
      "main_net_ratio": 44.11,
      "medium_net_amount": -46944399.99999999,
      "is_hot_sector": false,
      "dragon_score": 94.05,
      "sentiment_score": 0
    },
    {
      "ts_code": "001369.SZ",
      "name": "双欣材料",
      "trade_date": "20260317",
      "close": 19.18,
      "pct_chg": 9.98,
      "industry": "化学纤维",
      "basic_score": 153.90313067234632,
      "total_score": 153.90313067234632,
      "score_details": {
        "first_limit_time": 24.0,
        "order_quality": 15.091591344431832,
        "liquidity": 6.411539327914497,
        "money_flow": 10.0,
        "sector": 3.0,
        "dragon_list": 95.4,
        "sentiment": 0
      },
      "first_limit_time": "104833",
      "seal_ratio": 0.04579567221591597,
      "seal_to_mv": 0.01397606602672441,
      "fd_amount": 53888128.0,
      "amount": 1176707872.0,
      "float_mv": 3855743661.84,
      "turnover_rate": 31.8,
      "turnover_20ma_ratio": 0.9834617983743493,
      "volume_ratio": 0.98,
      "main_net_amount": 309369800.0,
      "main_net_ratio": 26.29,
      "medium_net_amount": -136535000.0,
      "is_hot_sector": false,
      "dragon_score": 95.4,
      "sentiment_score": 0
    },
    {
      "ts_code": "301226.SZ",
      "name": "祥明智能",
      "trade_date": "20260317",
      "close": 41.74,
      "pct_chg": 20.01,
      "industry": "电机Ⅱ",
      "basic_score": 143.09895875609806,
      "total_score": 143.09895875609806,
      "score_details": {
        "first_limit_time": 12.0,
        "order_quality": 15.193926368254413,
        "liquidity": 14.805032387843642,
        "money_flow": 10.0,
        "sector": 3.0,
        "dragon_list": 88.1,
        "sentiment": 0
      },
      "first_limit_time": "130327",
      "seal_ratio": 0.09696318412720624,
      "seal_to_mv": 0.016059172767693565,
      "fd_amount": 72929714.0,
      "amount": 752138192.0,
      "float_mv": 4541312000.0,
      "turnover_rate": 17.9,
      "turnover_20ma_ratio": 2.096509716353093,
      "volume_ratio": 2.89,
      "main_net_amount": 80751100.0,
      "main_net_ratio": 10.74,
      "medium_net_amount": -3844900.0,
      "is_hot_sector": false,
      "dragon_score": 88.1,
      "sentiment_score": 0
    },
    {
      "ts_code": "002506.SZ",
      "name": "协鑫集成",
      "trade_date": "20260317",
      "close": 5.63,
      "pct_chg": 9.96,
      "industry": "光伏设备",
      "basic_score": 131.0250753824668,
      "total_score": 131.0250753824668,
      "score_details": {
        "first_limit_time": 30.0,
        "order_quality": 15.075061320122453,
        "liquidity": 5.325014062344352,
        "money_flow": 10.0,
        "sector": 3.0,
        "dragon_list": 67.625,
        "sentiment": 0
      },
      "first_limit_time": "93454",
      "seal_ratio": 0.03753066006122674,
      "seal_to_mv": 0.006065264916055512,
      "fd_amount": 199572375.0,
      "amount": 5317582336.0,
      "float_mv": 32904148089.51,
      "turnover_rate": 16.36,