{
  "success": true,
  "trade_date": "20260319",
  "candidates": [
    {
      "ts_code": "000020.SZ",
      "name": "深华发Ａ",
      "trade_date": "20260319",
      "close": 21.21,
      "pct_chg": 10.01,
      "industry": "光学光电",
      "basic_score": 174.37563304708596,
      "total_score": 174.37563304708596,
      "score_details": {
        "first_limit_time": 30.0,
        "order_quality": 25.0,
        "liquidity": 6.375633047085955,
        "money_flow": 10.0,
        "sector": 3.0,
        "dragon_list": 100.0,
        "sentiment": 0
      },
      "first_limit_time": "92500",
      "seal_ratio": 8.491488852772646,
      "seal_to_mv": 0.1524298753243929,
      "fd_amount": 585714531.0,
      "amount": 68976659.0,
      "float_mv": 3842517943.11,
      "turnover_rate": 1.8,
      "turnover_20ma_ratio": 0.6376899141257865,
      "volume_ratio": 0.75,
      "main_net_amount": 17173400.0,
      "main_net_ratio": 24.9,
      "medium_net_amount": -9300600.0,
      "is_hot_sector": false,
      "dragon_score": 100.0,
      "sentiment_score": 0
    },
    {
      "ts_code": "000601.SZ",
      "name": "韶能股份",
      "trade_date": "20260319",
      "close": 7.4,
      "pct_chg": 9.96,
      "industry": "电力",
      "basic_score": 171.4808395032403,
      "total_score": 171.4808395032403,
      "score_details": {
        "first_limit_time": 30.0,
        "order_quality": 18.052960200618532,
        "liquidity": 10.427879302621792,
        "money_flow": 10.0,
        "sector": 3.0,
        "dragon_list": 100.0,
        "sentiment": 0
      },
      "first_limit_time": "92500",
      "seal_ratio": 1.5264801003092654,
      "seal_to_mv": 0.04695430447496469,
      "fd_amount": 364670564.0,
      "amount": 238896376.0,
      "float_mv": 7766499111.8,
      "turnover_rate": 3.08,
      "turnover_20ma_ratio": 1.803363790786538,
      "volume_ratio": 0.25,
      "main_net_amount": 77144000.0,
      "main_net_ratio": 32.29,
      "medium_net_amount": -32115000.0,
      "is_hot_sector": false,
      "dragon_score": 100.0,
      "sentiment_score": 0
    },
    {
      "ts_code": "601218.SH",
      "name": "吉鑫科技",
      "trade_date": "20260319",
      "close": 7.43,
      "pct_chg": 10.07,
      "industry": "风电设备",
      "basic_score": 169.29198546412562,
      "total_score": 169.29198546412562,
      "score_details": {
        "first_limit_time": 30.0,
        "order_quality": 15.35748169483174,
        "liquidity": 10.934503769293885,
        "money_flow": 10.0,
        "sector": 3.0,
        "dragon_list": 100.0,
        "sentiment": 0
      },
      "first_limit_time": "94157",
      "seal_ratio": 0.1787408474158702,
      "seal_to_mv": 0.023547089646080047,
      "fd_amount": 169537138.0,
      "amount": 948508080.0,
      "float_mv": 7199918994.16,
      "turnover_rate": 13.59,
      "turnover_20ma_ratio": 1.7653511307881653,
      "volume_ratio": 0.63,
      "main_net_amount": 358182500.0,
      "main_net_ratio": 37.76,
      "medium_net_amount": -165513900.0,
      "is_hot_sector": false,
      "dragon_score": 100.0,
      "sentiment_score": 0
    },
    {
      "ts_code": "002310.SZ",
      "name": "东方新能",
      "trade_date": "20260319",
      "close": 3.16,
      "pct_chg": 10.1,
      "industry": "电力",
      "basic_score": 162.7634672770701,
      "total_score": 162.7634672770701,
      "score_details": {
        "first_limit_time": 24.0,
        "order_quality": 15.32444522529636,
        "liquidity": 10.43902205177373,
        "money_flow": 10.0,
        "sector": 3.0,
        "dragon_list": 100.0,
        "sentiment": 0
      },
      "first_limit_time": "102127",
      "seal_ratio": 0.16222261264818016,
      "seal_to_mv": 0.011826842582726201,
      "fd_amount": 156930340.0,
      "amount": 967376480.0,
      "float_mv": 13268997105.72,
      "turnover_rate": 7.69,
      "turnover_20ma_ratio": 1.5417066155321184,
      "volume_ratio": 0.78,
      "main_net_amount": 270370500.0,
      "main_net_ratio": 27.95,
      "medium_net_amount": -132734300.0,
      "is_hot_sector": false,
      "dragon_score": 100.0,
      "sentiment_score": 0
    },
    {
      "ts_code": "000815.SZ",
      "name": "美利云",
      "trade_date": "20260319",
      "close": 19.32,
      "pct_chg": 10.02,
      "industry": "IT服务Ⅱ",
      "basic_score": 149.88241488456458,
      "total_score": 149.88241488456458,
      "score_details": {
        "first_limit_time": 30.0,
        "order_quality": 15.452051018645683,
        "liquidity": 5.4053638659189085,
        "money_flow": 10.0,
        "sector": 3.0,
        "dragon_list": 86.025,
        "sentiment": 0
      },
      "first_limit_time": "93109",
      "seal_ratio": 0.22602550932284157,
      "seal_to_mv": 0.022994383671348307,
      "fd_amount": 308871641.0,
      "amount": 1366534432.0,
      "float_mv": 13432481836.2,
      "turnover_rate": 10.31,
      "turnover_20ma_ratio": 0.14160915977567246,
      "volume_ratio": 0.56,
      "main_net_amount": 463318900.0,
      "main_net_ratio": 33.9,
      "medium_net_amount": -248236699.99999997,
      "is_hot_sector": false,
      "dragon_score": 86.025,
      "sentiment_score": 0
    },
    {
      "ts_code": "600396.SH",
      "name": "华电辽能",
      "trade_date": "20260319",
      "close": 5.69,
      "pct_chg": 10.06,
      "industry": "电力",
      "basic_score": 143.69618170323287,
      "total_score": 143.69618170323287,
      "score_details": {
        "first_limit_time": 30.0,
        "order_quality": 15.295148649322392,
        "liquidity": 10.776033053910488,
        "money_flow": 2.5,
        "sector": 3.0,
        "dragon_list": 82.125,
        "sentiment": 0
      },
      "first_limit_time": "93106",
      "seal_ratio": 0.1475743246611959,
      "seal_to_mv": 0.01812487769007095,
      "fd_amount": 151881070.0,
      "amount": 1029183568.0,
      "float_mv": 8379701788.73,
      "turnover_rate": 12.51,
      "turnover_20ma_ratio": 1.3478099161731467,
      "volume_ratio": 1.37,
      "main_net_amount": -82371500.0,
      "main_net_ratio": -8.0,
      "medium_net_amount": 36750700.0,
      "is_hot_sector": false,
      "dragon_score": 82.125,
      "sentiment_score": 0
    },
    {
      "ts_code": "601015.SH",
      "name": "陕西黑猫",
      "trade_date": "20260319",
      "close": 5.14,
      "pct_chg": 10.06,
      "industry": "焦炭Ⅱ",
      "basic_score": 140.60707914064795,
      "total_score": 140.60707914064795,
      "score_details": {
        "first_limit_time": 30.0,
        "order_quality": 15.157978606342283,
        "liquidity": 6.749100534305683,
        "money_flow": 10.0,
        "sector": 3.0,
        "dragon_list": 75.7,
        "sentiment": 0
      },
      "first_limit_time": "93436",
      "seal_ratio": 0.07898930317114151,
      "seal_to_mv": 0.007501055396687875,
      "fd_amount": 78749364.0,
      "amount": 996962384.0,
      "float_mv": 10498437864.46,
      "turnover_rate": 9.59,
      "turnover_20ma_ratio": 0.3097301602917049,
      "volume_ratio": 1.03,
      "main_net_amount": 320446600.0,
      "main_net_ratio": 32.14,
      "medium_net_amount": -170725600.0,
      "is_hot_sector": false,
      "dragon_score": 75.7,
      "sentiment_score": 0
    },
    {
      "ts_code": "002902.SZ",
      "name": "铭普光磁",
      "trade_date": "20260319",
      "close": 23.96,
      "pct_chg": 10.01,
      "industry": "通信设备",
      "basic_score": 139.17424946686756,
      "total_score": 139.17424946686756,
      "score_details": {
        "first_limit_time": 6.0,
        "order_quality": 15.366418905884546,
        "liquidity": 10.482830560983011,
        "money_flow": 10.0,
        "sector": 3.0,
        "dragon_list": 94.325,
        "sentiment": 0
      },
      "first_limit_time": "140906",
      "seal_ratio": 0.1832094529422731,
      "seal_to_mv": 0.03931638612293044,
      "fd_amount": 167333237.0,
      "amount": 913343904.0,
      "float_mv": 4256068614.16,
      "turnover_rate": 22.33,
      "turnover_20ma_ratio": 1.194849168294903,