{
  "success": true,
  "trade_date": "20260227",
  "candidates": [
    {
      "ts_code": "603093.SH",
      "name": "南华期货",
      "trade_date": "20260227",
      "close": 19.66,
      "pct_chg": 10.02,
      "industry": "多元金融",
      "basic_score": 166.3940273294823,
      "total_score": 166.3940273294823,
      "score_details": {
        "first_limit_time": 24.0,
        "order_quality": 15.525805427057325,
        "liquidity": 13.868221902424963,
        "money_flow": 10.0,
        "sector": 3.0,
        "dragon_list": 100.0,
        "sentiment": 0.0
      },
      "first_limit_time": "103522",
      "seal_ratio": 0.2629027135286622,
      "seal_to_mv": 0.00812433544667648,
      "fd_amount": 97442430.0,
      "amount": 370640640.0,
      "float_mv": 11993895456.38,
      "turnover_rate": 3.18,
      "turnover_20ma_ratio": 1.460466570727489,
      "volume_ratio": 5.22,
      "main_net_amount": 139505700.0,
      "main_net_ratio": 37.64,
      "medium_net_amount": -51654799.99999999,
      "is_hot_sector": false,
      "dragon_score": 100.0,
      "sentiment_score": 0
    },
    {
      "ts_code": "002350.SZ",
      "name": "北京科锐",
      "trade_date": "20260227",
      "close": 12.32,
      "pct_chg": 10.0,
      "industry": "电网设备",
      "basic_score": 164.5018266328957,
      "total_score": 164.5018266328957,
      "score_details": {
        "first_limit_time": 30.0,
        "order_quality": 16.715517859383993,
        "liquidity": 7.3613087735117055,
        "money_flow": 10.0,
        "sector": 3.0,
        "dragon_list": 97.425,
        "sentiment": 0.0
      },
      "first_limit_time": "93009",
      "seal_ratio": 0.8577589296919977,
      "seal_to_mv": 0.028237782412544186,
      "fd_amount": 184573275.0,
      "amount": 215180826.0,
      "float_mv": 6536394122.72,
      "turnover_rate": 3.33,
      "turnover_20ma_ratio": 0.5983926320535115,
      "volume_ratio": 0.82,
      "main_net_amount": 33569900.0,
      "main_net_ratio": 15.6,
      "medium_net_amount": -21135500.0,
      "is_hot_sector": false,
      "dragon_score": 97.425,
      "sentiment_score": 0
    },
    {
      "ts_code": "002261.SZ",
      "name": "拓维信息",
      "trade_date": "20260227",
      "close": 36.52,
      "pct_chg": 10.0,
      "industry": "软件开发",
      "basic_score": 163.05822266940532,
      "total_score": 163.05822266940532,
      "score_details": {
        "first_limit_time": 30.0,
        "order_quality": 15.276143850731334,
        "liquidity": 12.582078818674017,
        "money_flow": 10.0,
        "sector": 3.0,
        "dragon_list": 92.19999999999999,
        "sentiment": 0.0
      },
      "first_limit_time": "93409",
      "seal_ratio": 0.1380719253656671,
      "seal_to_mv": 0.011093255958291037,
      "fd_amount": 464133191.0,
      "amount": 3361531968.0,
      "float_mv": 41839221302.12,
      "turnover_rate": 8.17,
      "turnover_20ma_ratio": 1.6796236456022051,
      "volume_ratio": 1.79,
      "main_net_amount": 1568763000.0,
      "main_net_ratio": 46.67,
      "medium_net_amount": -819484900.0,
      "is_hot_sector": false,
      "dragon_score": 92.19999999999999,
      "sentiment_score": 0
    },
    {
      "ts_code": "300830.SZ",
      "name": "金现代",
      "trade_date": "20260227",
      "close": 14.88,
      "pct_chg": 20.0,
      "industry": "软件开发",
      "basic_score": 162.16454019270503,
      "total_score": 162.16454019270503,
      "score_details": {
        "first_limit_time": 30.0,
        "order_quality": 15.272562909910006,
        "liquidity": 3.8919772827950396,
        "money_flow": 10.0,
        "sector": 3.0,
        "dragon_list": 100.0,
        "sentiment": 0.0
      },
      "first_limit_time": "93651",
      "seal_ratio": 0.13628145495500252,
      "seal_to_mv": 0.026302199637015748,
      "fd_amount": 131927136.0,
      "amount": 968049072.0,
      "float_mv": 5015821407.36,
      "turnover_rate": 20.2,
      "turnover_20ma_ratio": 0.09259318483851176,
      "volume_ratio": 1.25,
      "main_net_amount": 306429400.0,
      "main_net_ratio": 31.65,
      "medium_net_amount": -162046100.0,
      "is_hot_sector": false,
      "dragon_score": 100.0,
      "sentiment_score": 0
    },
    {
      "ts_code": "603897.SH",
      "name": "长城科技",
      "trade_date": "20260227",
      "close": 30.64,
      "pct_chg": 10.02,
      "industry": "电网设备",
      "basic_score": 138.23313599282812,
      "total_score": 138.23313599282812,
      "score_details": {
        "first_limit_time": 12.0,
        "order_quality": 15.09441746111989,
        "liquidity": 12.43871853170823,
        "money_flow": 10.0,
        "sector": 3.0,
        "dragon_list": 85.69999999999999,
        "sentiment": 0.0
      },
      "first_limit_time": "135152",
      "seal_ratio": 0.04720873055994491,
      "seal_to_mv": 0.0037004261874670785,
      "fd_amount": 23405896.0,
      "amount": 495795920.0,
      "float_mv": 6325189265.84,
      "turnover_rate": 8.09,
      "turnover_20ma_ratio": 1.031615559512469,
      "volume_ratio": 5.54,
      "main_net_amount": 115527000.0,
      "main_net_ratio": 23.3,
      "medium_net_amount": -58248800.0,
      "is_hot_sector": false,
      "dragon_score": 85.69999999999999,
      "sentiment_score": 0
    },
    {
      "ts_code": "600498.SH",
      "name": "烽火通信",
      "trade_date": "20260227",
      "close": 51.55,
      "pct_chg": 10.01,
      "industry": "通信设备",
      "basic_score": 134.57916836757744,
      "total_score": 134.57916836757744,
      "score_details": {
        "first_limit_time": 24.0,
        "order_quality": 8.88964643177964,
        "liquidity": 9.384521935797796,
        "money_flow": 8.905000000000001,
        "sector": 3.0,
        "dragon_list": 80.4,
        "sentiment": 0.0
      },
      "first_limit_time": "103016",
      "seal_ratio": 0.005058556870100208,
      "seal_to_mv": 0.0005919686212026293,
      "fd_amount": 38804778.0,
      "amount": 7671116288.0,
      "float_mv": 65552086056.8,
      "turnover_rate": 12.35,
      "turnover_20ma_ratio": 0.9253565807393392,
      "volume_ratio": 1.38,
      "main_net_amount": 215567900.0,
      "main_net_ratio": 2.81,
      "medium_net_amount": 28398100.0,
      "is_hot_sector": false,
      "dragon_score": 80.4,
      "sentiment_score": 0
    },
    {
      "ts_code": "600744.SH",
      "name": "华银电力",
      "trade_date": "20260227",
      "close": 7.94,
      "pct_chg": 9.97,
      "industry": "电力",
      "basic_score": 132.40945154509654,
      "total_score": 132.40945154509654,
      "score_details": {
        "first_limit_time": 30.0,
        "order_quality": 15.21141468662002,
        "liquidity": 9.073036858476538,
        "money_flow": 10.0,
        "sector": 3.0,
        "dragon_list": 65.125,
        "sentiment": 0.0
      },
      "first_limit_time": "93154",
      "seal_ratio": 0.10570734331001014,
      "seal_to_mv": 0.011522485005978184,
      "fd_amount": 185824576.0,
      "amount": 1757915488.0,
      "float_mv": 16127126735.56,
      "turnover_rate": 11.04,
      "turnover_20ma_ratio": 0.30191105754296155,
      "volume_ratio": 2.44,
      "main_net_amount": 217513200.0,
      "main_net_ratio": 12.37,
      "medium_net_amount": -115282300.0,
      "is_hot_sector": false,
      "dragon_score": 65.125,
      "sentiment_score": 0
    },
    {
      "ts_code": "603950.SH",
      "name": "长源东谷",
      "trade_date": "20260227",
      "close": 44.51,
      "pct_chg": 10.01,
      "industry": "汽车零部件",
      "basic_score": 129.43843250277507,
      "total_score": 129.43843250277507,
      "score_details": {
        "first_limit_time": 30.0,
        "order_quality": 15.40282605596905,
        "liquidity": 5.035606446806008,
        "money_flow": 10.0,
        "sector": 3.0,
        "dragon_list": 66.0,
        "sentiment": 0.0
      },
      "first_limit_time": "93029",
      "seal_ratio": 0.20141302798452518,
      "seal_to_mv": 0.00308553466738029,
      "fd_amount": 44443235.0,
      "amount": 220657201.0,