{
  "success": true,
  "trade_date": "20260402",
  "candidates": [
    {
      "ts_code": "600488.SH",
      "name": "津药药业",
      "trade_date": "20260402",
      "close": 6.34,
      "pct_chg": 10.07,
      "industry": "化学制药",
      "basic_score": 172.65674383620242,
      "total_score": 172.65674383620242,
      "score_details": {
        "first_limit_time": 30.0,
        "order_quality": 21.516625481239718,
        "liquidity": 8.140118354962716,
        "money_flow": 10.0,
        "sector": 3.0,
        "dragon_list": 100.0,
        "sentiment": 0
      },
      "first_limit_time": "92502",
      "seal_ratio": 3.2583127406198584,
      "seal_to_mv": 0.04440149686306772,
      "fd_amount": 307372095.0,
      "amount": 94334743.0,
      "float_mv": 6922561551.2,
      "turnover_rate": 1.36,
      "turnover_20ma_ratio": 1.3870355064888151,
      "volume_ratio": 0.31,
      "main_net_amount": 38700300.0,
      "main_net_ratio": 41.02,
      "medium_net_amount": -20046500.0,
      "is_hot_sector": false,
      "dragon_score": 100.0,
      "sentiment_score": 0
    },
    {
      "ts_code": "300839.SZ",
      "name": "博汇股份",
      "trade_date": "20260402",
      "close": 16.69,
      "pct_chg": 19.99,
      "industry": "炼化及贸",
      "basic_score": 167.39984967384092,
      "total_score": 167.39984967384092,
      "score_details": {
        "first_limit_time": 30.0,
        "order_quality": 15.518509834846933,
        "liquidity": 8.881339838993984,
        "money_flow": 10.0,
        "sector": 3.0,
        "dragon_list": 100.0,
        "sentiment": 0
      },
      "first_limit_time": "93103",
      "seal_ratio": 0.2592549174234666,
      "seal_to_mv": 0.020022927368889113,
      "fd_amount": 96809059.0,
      "amount": 373412624.0,
      "float_mv": 4834910361.33,
      "turnover_rate": 7.82,
      "turnover_20ma_ratio": 0.4694019516981955,
      "volume_ratio": 1.99,
      "main_net_amount": 128732700.0,
      "main_net_ratio": 34.47,
      "medium_net_amount": -80524500.0,
      "is_hot_sector": false,
      "dragon_score": 100.0,
      "sentiment_score": 0
    },
    {
      "ts_code": "920230.BJ",
      "name": "欧康医药",
      "trade_date": "20260402",
      "close": 14.61,
      "pct_chg": 29.98,
      "industry": "化学制药",
      "basic_score": 142.79622027723087,
      "total_score": 142.79622027723087,
      "score_details": {
        "first_limit_time": 24.0,
        "order_quality": 15.127557196751399,
        "liquidity": 10.11866308047945,
        "money_flow": 12.5,
        "sector": 3.0,
        "dragon_list": 78.05000000000001,
        "sentiment": 0
      },
      "first_limit_time": "100840",
      "seal_ratio": 0.06377859837569912,
      "seal_to_mv": 0.0153644557681687,
      "fd_amount": 10605924.0,
      "amount": 166292836.0,
      "float_mv": 690289598.28,
      "turnover_rate": 25.1,
      "turnover_20ma_ratio": 1.0855989241438349,
      "volume_ratio": 13.21,
      "main_net_amount": 93656200.00000001,
      "main_net_ratio": 56.32,
      "medium_net_amount": 23237600.000000004,
      "is_hot_sector": false,
      "dragon_score": 78.05000000000001,
      "sentiment_score": 0
    },
    {
      "ts_code": "600339.SH",
      "name": "中油工程",
      "trade_date": "20260402",
      "close": 4.46,
      "pct_chg": 10.12,
      "industry": "油服工程",
      "basic_score": 142.71789740591876,
      "total_score": 142.71789740591876,
      "score_details": {
        "first_limit_time": 12.0,
        "order_quality": 15.130689634480202,
        "liquidity": 12.687207771438562,
        "money_flow": 10.0,
        "sector": 3.0,
        "dragon_list": 89.9,
        "sentiment": 0
      },
      "first_limit_time": "130129",
      "seal_ratio": 0.06534481724010062,
      "seal_to_mv": 0.002438806424155532,
      "fd_amount": 60728323.0,
      "amount": 929351792.0,
      "float_mv": 24900837720.66,
      "turnover_rate": 3.85,
      "turnover_20ma_ratio": 1.4061623314315683,
      "volume_ratio": 2.4,
      "main_net_amount": 280944400.0,
      "main_net_ratio": 30.23,
      "medium_net_amount": -150987100.0,
      "is_hot_sector": false,
      "dragon_score": 89.9,
      "sentiment_score": 0
    },
    {
      "ts_code": "603477.SH",
      "name": "巨星农牧",
      "trade_date": "20260402",
      "close": 17.03,
      "pct_chg": 10.01,
      "industry": "养殖业",
      "basic_score": 136.30323712351293,
      "total_score": 136.30323712351293,
      "score_details": {
        "first_limit_time": 24.0,
        "order_quality": 15.13373723278968,
        "liquidity": 12.994499890723262,
        "money_flow": 10.0,
        "sector": 3.0,
        "dragon_list": 71.175,
        "sentiment": 0
      },
      "first_limit_time": "104654",
      "seal_ratio": 0.06686861639484024,
      "seal_to_mv": 0.004402333386870387,
      "fd_amount": 38240865.0,
      "amount": 571880608.0,
      "float_mv": 8686499099.33,
      "turnover_rate": 6.79,
      "turnover_20ma_ratio": 1.2183499672169786,
      "volume_ratio": 2.96,
      "main_net_amount": 123990400.00000001,
      "main_net_ratio": 21.68,
      "medium_net_amount": -49167200.0,
      "is_hot_sector": false,
      "dragon_score": 71.175,
      "sentiment_score": 0
    },
    {
      "ts_code": "300834.SZ",
      "name": "星辉环材",
      "trade_date": "20260402",
      "close": 43.49,
      "pct_chg": 20.01,
      "industry": "塑料",
      "basic_score": 135.15952151446527,
      "total_score": 135.15952151446527,
      "score_details": {
        "first_limit_time": 30.0,
        "order_quality": 15.13118818113193,
        "liquidity": 12.333333333333332,
        "money_flow": 6.77,
        "sector": 3.0,
        "dragon_list": 67.925,
        "sentiment": 0
      },
      "first_limit_time": "93927",
      "seal_ratio": 0.06559409056596527,
      "seal_to_mv": 0.007366968281821545,
      "fd_amount": 61651510.0,
      "amount": 939894272.0,
      "float_mv": 8368640618.71,
      "turnover_rate": 11.65,
      "turnover_20ma_ratio": 1.0,
      "volume_ratio": 3.04,
      "main_net_amount": 5049800.0,
      "main_net_ratio": 0.54,
      "medium_net_amount": 6212700.0,
      "is_hot_sector": false,
      "dragon_score": 67.925,
      "sentiment_score": 0
    },
    {
      "ts_code": "605162.SH",
      "name": "新中港",
      "trade_date": "20260402",
      "close": 14.05,
      "pct_chg": 10.02,
      "industry": "电力",
      "basic_score": 120.85859255600761,
      "total_score": 120.85859255600761,
      "score_details": {
        "first_limit_time": 30.0,
        "order_quality": 15.097459431832437,
        "liquidity": 8.69613312417518,
        "money_flow": 8.14,
        "sector": 3.0,
        "dragon_list": 55.925,
        "sentiment": 0
      },
      "first_limit_time": "93044",
      "seal_ratio": 0.04872971591621825,
      "seal_to_mv": 0.005564671800779493,
      "fd_amount": 31319740.0,
      "amount": 642723632.0,
      "float_mv": 5628317557.85,
      "turnover_rate": 11.56,
      "turnover_20ma_ratio": 0.7488399372525536,
      "volume_ratio": 1.32,
      "main_net_amount": 40341400.0,
      "main_net_ratio": 6.28,
      "medium_net_amount": -30816400.0,
      "is_hot_sector": false,
      "dragon_score": 55.925,
      "sentiment_score": 0
    },
    {
      "ts_code": "600594.SH",
      "name": "益佰制药",
      "trade_date": "20260402",
      "close": 4.8,
      "pct_chg": 10.09,
      "industry": "中药Ⅱ",
      "basic_score": 111.75178430052847,
      "total_score": 111.75178430052847,
      "score_details": {
        "first_limit_time": 24.0,
        "order_quality": 15.169930330035085,
        "liquidity": 10.241853970493384,
        "money_flow": 5.865,
        "sector": 3.0,
        "dragon_list": 53.475,
        "sentiment": 0
      },
      "first_limit_time": "102851",
      "seal_ratio": 0.08496516501754256,
      "seal_to_mv": 0.016441658667196008,
      "fd_amount": 62498880.0,
      "amount": 735582400.0,
      "float_mv": 3801251520.0,
      "turnover_rate": 20.25,