{
  "success": true,
  "trade_date": "20260311",
  "candidates": [
    {
      "ts_code": "300504.SZ",
      "name": "天邑股份",
      "trade_date": "20260311",
      "close": 19.32,
      "pct_chg": 20.0,
      "industry": "通信设备",
      "basic_score": 169.2514442758302,
      "total_score": 169.2514442758302,
      "score_details": {
        "first_limit_time": 30.0,
        "order_quality": 15.236952403729836,
        "liquidity": 13.464491872100373,
        "money_flow": 10.0,
        "sector": 3.0,
        "dragon_list": 97.55,
        "sentiment": 0
      },
      "first_limit_time": "94000",
      "seal_ratio": 0.11847620186491785,
      "seal_to_mv": 0.017878916888041683,
      "fd_amount": 75388591.0,
      "amount": 636318432.0,
      "float_mv": 4216619578.92,
      "turnover_rate": 15.58,
      "turnover_20ma_ratio": 1.6393475616301119,
      "volume_ratio": 3.72,
      "main_net_amount": 158317300.0,
      "main_net_ratio": 24.88,
      "medium_net_amount": -98495100.0,
      "is_hot_sector": false,
      "dragon_score": 97.55,
      "sentiment_score": 0
    },
    {
      "ts_code": "601700.SH",
      "name": "风范股份",
      "trade_date": "20260311",
      "close": 6.9,
      "pct_chg": 10.05,
      "industry": "电网设备",
      "basic_score": 166.36386883937953,
      "total_score": 166.36386883937953,
      "score_details": {
        "first_limit_time": 30.0,
        "order_quality": 15.405034902473512,
        "liquidity": 7.95883393690602,
        "money_flow": 10.0,
        "sector": 3.0,
        "dragon_list": 100.0,
        "sentiment": 0
      },
      "first_limit_time": "92500",
      "seal_ratio": 0.20251745123675563,
      "seal_to_mv": 0.01081794162812392,
      "fd_amount": 85001169.0,
      "amount": 419722688.0,
      "float_mv": 7857425370.0,
      "turnover_rate": 5.36,
      "turnover_20ma_ratio": 0.492650181071806,
      "volume_ratio": 1.39,
      "main_net_amount": 137200400.0,
      "main_net_ratio": 32.69,
      "medium_net_amount": -68896500.0,
      "is_hot_sector": false,
      "dragon_score": 100.0,
      "sentiment_score": 0
    },
    {
      "ts_code": "002177.SZ",
      "name": "御银股份",
      "trade_date": "20260311",
      "close": 9.25,
      "pct_chg": 9.99,
      "industry": "计算机设",
      "basic_score": 157.95046871849985,
      "total_score": 157.95046871849985,
      "score_details": {
        "first_limit_time": 24.0,
        "order_quality": 15.192135385166516,
        "liquidity": 14.283333333333333,
        "money_flow": 10.0,
        "sector": 3.0,
        "dragon_list": 91.475,
        "sentiment": 0
      },
      "first_limit_time": "103818",
      "seal_ratio": 0.0960676925832577,
      "seal_to_mv": 0.02735113548735776,
      "fd_amount": 170753150.0,
      "amount": 1777425328.0,
      "float_mv": 6243000407.75,
      "turnover_rate": 29.2,
      "turnover_20ma_ratio": 3.290874637917206,
      "volume_ratio": 1.67,
      "main_net_amount": 504574300.0,
      "main_net_ratio": 28.39,
      "medium_net_amount": -207822500.0,
      "is_hot_sector": false,
      "dragon_score": 91.475,
      "sentiment_score": 0
    },
    {
      "ts_code": "002432.SZ",
      "name": "九安医疗",
      "trade_date": "20260311",
      "close": 58.52,
      "pct_chg": 10.0,
      "industry": "医疗器械",
      "basic_score": 143.84275292595893,
      "total_score": 143.84275292595893,
      "score_details": {
        "first_limit_time": 24.0,
        "order_quality": 15.183798787847207,
        "liquidity": 9.633954138111719,
        "money_flow": 10.0,
        "sector": 3.0,
        "dragon_list": 82.025,
        "sentiment": 0
      },
      "first_limit_time": "105039",
      "seal_ratio": 0.09189939392360362,
      "seal_to_mv": 0.008796799837181672,
      "fd_amount": 225688349.0,
      "amount": 2455819776.0,
      "float_mv": 25655733127.64,
      "turnover_rate": 10.04,
      "turnover_20ma_ratio": 1.0751862414335152,
      "volume_ratio": 1.23,
      "main_net_amount": 344217900.0,
      "main_net_ratio": 14.02,
      "medium_net_amount": -166688800.0,
      "is_hot_sector": false,
      "dragon_score": 82.025,
      "sentiment_score": 0
    },
    {
      "ts_code": "601016.SH",
      "name": "节能风电",
      "trade_date": "20260311",
      "close": 4.03,
      "pct_chg": 10.11,
      "industry": "电力",
      "basic_score": 142.30927013682356,
      "total_score": 142.30927013682356,
      "score_details": {
        "first_limit_time": 24.0,
        "order_quality": 15.161326558160088,
        "liquidity": 9.097943578663479,
        "money_flow": 10.0,
        "sector": 3.0,
        "dragon_list": 81.05,
        "sentiment": 0
      },
      "first_limit_time": "101543",
      "seal_ratio": 0.0806632790800436,
      "seal_to_mv": 0.007477959138328889,
      "fd_amount": 178832596.0,
      "amount": 2217026112.0,
      "float_mv": 23914625995.13,
      "turnover_rate": 9.71,
      "turnover_20ma_ratio": 0.5143830735990438,
      "volume_ratio": 2.03,
      "main_net_amount": 430616900.0,
      "main_net_ratio": 19.42,
      "medium_net_amount": -189839800.0,
      "is_hot_sector": false,
      "dragon_score": 81.05,
      "sentiment_score": 0
    },
    {
      "ts_code": "000833.SZ",
      "name": "粤桂股份",
      "trade_date": "20260311",
      "close": 27.52,
      "pct_chg": 9.99,
      "industry": "综合Ⅱ",
      "basic_score": 129.74614128937753,
      "total_score": 129.74614128937753,
      "score_details": {
        "first_limit_time": 24.0,
        "order_quality": 15.158802300890665,
        "liquidity": 8.412338988486882,
        "money_flow": 10.0,
        "sector": 3.0,
        "dragon_list": 69.175,
        "sentiment": 0
      },
      "first_limit_time": "100124",
      "seal_ratio": 0.07940115044533277,
      "seal_to_mv": 0.008891066722865187,
      "fd_amount": 111012790.0,
      "amount": 1398125712.0,
      "float_mv": 12485879755.52,
      "turnover_rate": 11.62,
      "turnover_20ma_ratio": 0.9337016965460643,
      "volume_ratio": 0.78,
      "main_net_amount": 275765500.0,
      "main_net_ratio": 19.72,
      "medium_net_amount": -104061600.0,
      "is_hot_sector": false,
      "dragon_score": 69.175,
      "sentiment_score": 0
    },
    {
      "ts_code": "300246.SZ",
      "name": "宝莱特",
      "trade_date": "20260311",
      "close": 16.8,
      "pct_chg": 20.0,
      "industry": "医疗器械",
      "basic_score": 129.54654063906153,
      "total_score": 129.54654063906153,
      "score_details": {
        "first_limit_time": 24.0,
        "order_quality": 15.606965269529423,
        "liquidity": 14.96457536953211,
        "money_flow": 10.0,
        "sector": 3.0,
        "dragon_list": 61.975,
        "sentiment": 0
      },
      "first_limit_time": "102724",
      "seal_ratio": 0.30348263476471143,
      "seal_to_mv": 0.041800217262430904,
      "fd_amount": 148390704.0,
      "amount": 488959456.0,
      "float_mv": 3549998390.4,
      "turnover_rate": 14.53,
      "turnover_20ma_ratio": 1.879372610859633,
      "volume_ratio": 2.82,
      "main_net_amount": 51097500.0,
      "main_net_ratio": 10.45,
      "medium_net_amount": -8254500.0,
      "is_hot_sector": false,
      "dragon_score": 61.975,
      "sentiment_score": 0
    },
    {
      "ts_code": "000537.SZ",
      "name": "绿发电力",
      "trade_date": "20260311",
      "close": 11.37,
      "pct_chg": 9.96,
      "industry": "电力",
      "basic_score": 129.3908724688991,
      "total_score": 129.3908724688991,
      "score_details": {
        "first_limit_time": 30.0,
        "order_quality": 15.354432749754961,
        "liquidity": 11.486439719144121,
        "money_flow": 9.1,
        "sector": 3.0,
        "dragon_list": 60.45,
        "sentiment": 0
      },
      "first_limit_time": "94212",
      "seal_ratio": 0.1772163748774808,
      "seal_to_mv": 0.009423619375895646,
      "fd_amount": 221429317.0,
      "amount": 1249485648.0,
      "float_mv": 23497268742.24,
      "turnover_rate": 5.5,
      "turnover_20ma_ratio": 0.7459319157432365,