{
  "success": true,
  "trade_date": "20260323",
  "candidates": [
    {
      "ts_code": "300385.SZ",
      "name": "雪浪环境",
      "trade_date": "20260323",
      "close": 15.61,
      "pct_chg": 19.98,
      "industry": "环境治理",
      "basic_score": 170.15480848344194,
      "total_score": 170.15480848344194,
      "score_details": {
        "first_limit_time": 30.0,
        "order_quality": 18.733928868590006,
        "liquidity": 8.42087961485194,
        "money_flow": 10.0,
        "sector": 3.0,
        "dragon_list": 100.0,
        "sentiment": 0
      },
      "first_limit_time": "92500",
      "seal_ratio": 1.8669644342950031,
      "seal_to_mv": 0.0455982245230676,
      "fd_amount": 206890257.0,
      "amount": 110816389.0,
      "float_mv": 4537243701.13,
      "turnover_rate": 2.44,
      "turnover_20ma_ratio": 1.1312638844555816,
      "volume_ratio": 0.39,
      "main_net_amount": 38629400.0,
      "main_net_ratio": 34.86,
      "medium_net_amount": -21152399.999999996,
      "is_hot_sector": false,
      "dragon_score": 100.0,
      "sentiment_score": 0
    },
    {
      "ts_code": "002218.SZ",
      "name": "拓日新能",
      "trade_date": "20260323",
      "close": 6.59,
      "pct_chg": 10.02,
      "industry": "电力",
      "basic_score": 168.38669365691686,
      "total_score": 168.38669365691686,
      "score_details": {
        "first_limit_time": 30.0,
        "order_quality": 15.368667562861672,
        "liquidity": 10.018026094055186,
        "money_flow": 10.0,
        "sector": 3.0,
        "dragon_list": 100.0,
        "sentiment": 0
      },
      "first_limit_time": "95709",
      "seal_ratio": 0.18433378143083634,
      "seal_to_mv": 0.024566959143953866,
      "fd_amount": 225424070.0,
      "amount": 1222912416.0,
      "float_mv": 9175904460.91,
      "turnover_rate": 13.73,
      "turnover_20ma_ratio": 0.690407828216556,
      "volume_ratio": 2.23,
      "main_net_amount": 583412500.0,
      "main_net_ratio": 47.71,
      "medium_net_amount": -232408200.0,
      "is_hot_sector": false,
      "dragon_score": 100.0,
      "sentiment_score": 0
    },
    {
      "ts_code": "603727.SH",
      "name": "博迈科",
      "trade_date": "20260323",
      "close": 19.75,
      "pct_chg": 10.03,
      "industry": "油服工程",
      "basic_score": 161.77556294319294,
      "total_score": 161.77556294319294,
      "score_details": {
        "first_limit_time": 24.0,
        "order_quality": 15.428585771162773,
        "liquidity": 13.571977172030177,
        "money_flow": 10.0,
        "sector": 3.0,
        "dragon_list": 95.775,
        "sentiment": 0
      },
      "first_limit_time": "102607",
      "seal_ratio": 0.21429288558138643,
      "seal_to_mv": 0.015953885051413493,
      "fd_amount": 88766710.0,
      "amount": 414230784.0,
      "float_mv": 5563955720.75,
      "turnover_rate": 7.74,
      "turnover_20ma_ratio": 1.916593151609053,
      "volume_ratio": 1.91,
      "main_net_amount": 91340100.0,
      "main_net_ratio": 22.05,
      "medium_net_amount": -38100100.0,
      "is_hot_sector": false,
      "dragon_score": 95.775,
      "sentiment_score": 0
    },
    {
      "ts_code": "002896.SZ",
      "name": "中大力德",
      "trade_date": "20260323",
      "close": 77.0,
      "pct_chg": 10.0,
      "industry": "通用设备",
      "basic_score": 158.4848992597254,
      "total_score": 158.4848992597254,
      "score_details": {
        "first_limit_time": 30.0,
        "order_quality": 14.672204362520128,
        "liquidity": 12.562694897205274,
        "money_flow": 10.0,
        "sector": 3.0,
        "dragon_list": 88.25,
        "sentiment": 0
      },
      "first_limit_time": "93145",
      "seal_ratio": 0.015267389019556257,
      "seal_to_mv": 0.0009761113056320678,
      "fd_amount": 14770756.0,
      "amount": 967470992.0,
      "float_mv": 15132245590.0,
      "turnover_rate": 6.42,
      "turnover_20ma_ratio": 1.0688084691615822,
      "volume_ratio": 4.51,
      "main_net_amount": 214164199.99999997,
      "main_net_ratio": 22.14,
      "medium_net_amount": -113816600.0,
      "is_hot_sector": false,
      "dragon_score": 88.25,
      "sentiment_score": 0
    },
    {
      "ts_code": "600844.SH",
      "name": "金煤科技",
      "trade_date": "20260323",
      "close": 4.03,
      "pct_chg": 10.11,
      "industry": "化学原料",
      "basic_score": 147.6385866712306,
      "total_score": 147.6385866712306,
      "score_details": {
        "first_limit_time": 30.0,
        "order_quality": 15.716658676203041,
        "liquidity": 8.421927995027568,
        "money_flow": 10.0,
        "sector": 3.0,
        "dragon_list": 80.5,
        "sentiment": 0
      },
      "first_limit_time": "93954",
      "seal_ratio": 0.35832933810152057,
      "seal_to_mv": 0.03223174852422358,
      "fd_amount": 106867729.0,
      "amount": 298238848.0,
      "float_mv": 3315604455.02,
      "turnover_rate": 9.22,
      "turnover_20ma_ratio": 1.0715783985082707,
      "volume_ratio": 0.51,
      "main_net_amount": 97740900.0,
      "main_net_ratio": 32.77,
      "medium_net_amount": -49351100.0,
      "is_hot_sector": false,
      "dragon_score": 80.5,
      "sentiment_score": 0
    },
    {
      "ts_code": "600149.SH",
      "name": "廊坊发展",
      "trade_date": "20260323",
      "close": 6.36,
      "pct_chg": 10.03,
      "industry": "电力",
      "basic_score": 143.66892968764876,
      "total_score": 143.66892968764876,
      "score_details": {
        "first_limit_time": 12.0,
        "order_quality": 15.38004829024714,
        "liquidity": 8.263881397401597,
        "money_flow": 10.0,
        "sector": 3.0,
        "dragon_list": 95.025,
        "sentiment": 0
      },
      "first_limit_time": "130432",
      "seal_ratio": 0.19002414512356994,
      "seal_to_mv": 0.022381628787878787,
      "fd_amount": 54114696.0,
      "amount": 284778000.0,
      "float_mv": 2417817600.0,
      "turnover_rate": 12.45,
      "turnover_20ma_ratio": 0.36916441922047916,
      "volume_ratio": 1.82,
      "main_net_amount": 52993400.0,
      "main_net_ratio": 18.61,
      "medium_net_amount": -16949500.0,
      "is_hot_sector": false,
      "dragon_score": 95.025,
      "sentiment_score": 0
    },
    {
      "ts_code": "300345.SZ",
      "name": "华民股份",
      "trade_date": "20260323",
      "close": 8.99,
      "pct_chg": 20.03,
      "industry": "光伏设备",
      "basic_score": 135.04542883745347,
      "total_score": 135.04542883745347,
      "score_details": {
        "first_limit_time": 30.0,
        "order_quality": 15.021075334334181,
        "liquidity": 5.974353503119275,
        "money_flow": 10.0,
        "sector": 3.0,
        "dragon_list": 71.05,
        "sentiment": 0
      },
      "first_limit_time": "94430",
      "seal_ratio": 0.010537667167090942,
      "seal_to_mv": 0.00392416930423591,
      "fd_amount": 16910549.0,
      "amount": 1604771600.0,
      "float_mv": 4309332164.07,
      "turnover_rate": 38.6,
      "turnover_20ma_ratio": 0.19230605093578262,
      "volume_ratio": 2.3,
      "main_net_amount": 432668200.0,
      "main_net_ratio": 26.96,
      "medium_net_amount": -283397900.0,
      "is_hot_sector": false,
      "dragon_score": 71.05,
      "sentiment_score": 0
    },
    {
      "ts_code": "001258.SZ",
      "name": "立新能源",
      "trade_date": "20260323",
      "close": 10.62,
      "pct_chg": 10.05,
      "industry": "电力",
      "basic_score": 130.45086033057203,
      "total_score": 130.45086033057203,
      "score_details": {
        "first_limit_time": 30.0,
        "order_quality": 15.205285984827684,
        "liquidity": 8.170574345744333,
        "money_flow": 10.0,
        "sector": 3.0,
        "dragon_list": 64.075,
        "sentiment": 0
      },
      "first_limit_time": "94606",
      "seal_ratio": 0.10264299241384221,
      "seal_to_mv": 0.009353586607233844,
      "fd_amount": 92711782.0,
      "amount": 903245120.0,
      "float_mv": 9911896462.08,
      "turnover_rate": 9.37,