{
  "success": true,
  "trade_date": "20260331",
  "candidates": [
    {
      "ts_code": "000008.SZ",
      "name": "神州高铁",
      "trade_date": "20260331",
      "close": 3.27,
      "pct_chg": 10.1,
      "industry": "轨交设备",
      "basic_score": 176.59279656208096,
      "total_score": 176.59279656208096,
      "score_details": {
        "first_limit_time": 30.0,
        "order_quality": 15.810127939014814,
        "liquidity": 13.732668623066132,
        "money_flow": 10.0,
        "sector": 10.0,
        "dragon_list": 97.05000000000001,
        "sentiment": 0
      },
      "first_limit_time": "93118",
      "seal_ratio": 0.4050639695074067,
      "seal_to_mv": 0.02391606109390171,
      "fd_amount": 212429415.0,
      "amount": 524434240.0,
      "float_mv": 8882291033.04,
      "turnover_rate": 5.96,
      "turnover_20ma_ratio": 1.46980058691984,
      "volume_ratio": 2.9,
      "main_net_amount": 151958900.0,
      "main_net_ratio": 28.98,
      "medium_net_amount": -73958400.0,
      "is_hot_sector": true,
      "dragon_score": 97.05000000000001,
      "sentiment_score": 0
    },
    {
      "ts_code": "002578.SZ",
      "name": "闽发铝业",
      "trade_date": "20260331",
      "close": 4.69,
      "pct_chg": 10.09,
      "industry": "工业金属",
      "basic_score": 171.09443901710569,
      "total_score": 171.09443901710569,
      "score_details": {
        "first_limit_time": 30.0,
        "order_quality": 15.312508474013397,
        "liquidity": 15.281930543092276,
        "money_flow": 10.0,
        "sector": 3.0,
        "dragon_list": 97.5,
        "sentiment": 0
      },
      "first_limit_time": "93003",
      "seal_ratio": 0.15625423700669872,
      "seal_to_mv": 0.014426857946085414,
      "fd_amount": 58267950.0,
      "amount": 372904768.0,
      "float_mv": 4038852411.09,
      "turnover_rate": 9.24,
      "turnover_20ma_ratio": 1.8895791629276826,
      "volume_ratio": 2.99,
      "main_net_amount": 112950800.0,
      "main_net_ratio": 30.29,
      "medium_net_amount": -56022500.0,
      "is_hot_sector": false,
      "dragon_score": 97.5,
      "sentiment_score": 0
    },
    {
      "ts_code": "300834.SZ",
      "name": "星辉环材",
      "trade_date": "20260331",
      "close": 30.2,
      "pct_chg": 19.98,
      "industry": "塑料",
      "basic_score": 170.0949603362851,
      "total_score": 170.0949603362851,
      "score_details": {
        "first_limit_time": 30.0,
        "order_quality": 15.840726474297183,
        "liquidity": 11.25423386198792,
        "money_flow": 10.0,
        "sector": 3.0,
        "dragon_list": 100.0,
        "sentiment": 0
      },
      "first_limit_time": "93233",
      "seal_ratio": 0.4203632371485913,
      "seal_to_mv": 0.024698610028232783,
      "fd_amount": 143530754.0,
      "amount": 341444592.0,
      "float_mv": 5811288725.8,
      "turnover_rate": 5.92,
      "turnover_20ma_ratio": 0.6762701585963761,
      "volume_ratio": 5.35,
      "main_net_amount": 128447200.0,
      "main_net_ratio": 37.62,
      "medium_net_amount": -77447100.0,
      "is_hot_sector": false,
      "dragon_score": 100.0,
      "sentiment_score": 0
    },
    {
      "ts_code": "601908.SH",
      "name": "京运通",
      "trade_date": "20260331",
      "close": 5.01,
      "pct_chg": 10.11,
      "industry": "电力",
      "basic_score": 167.72659546632838,
      "total_score": 167.72659546632838,
      "score_details": {
        "first_limit_time": 30.0,
        "order_quality": 15.217577856891117,
        "liquidity": 9.509017609437265,
        "money_flow": 10.0,
        "sector": 3.0,
        "dragon_list": 100.0,
        "sentiment": 0
      },
      "first_limit_time": "93521",
      "seal_ratio": 0.10878892844555837,
      "seal_to_mv": 0.008673144697313435,
      "fd_amount": 104920422.0,
      "amount": 964440256.0,
      "float_mv": 12097160333.61,
      "turnover_rate": 8.15,
      "turnover_20ma_ratio": 1.3377052828311795,
      "volume_ratio": 0.63,
      "main_net_amount": 416422600.0,
      "main_net_ratio": 43.18,
      "medium_net_amount": -221456100.0,
      "is_hot_sector": false,
      "dragon_score": 100.0,
      "sentiment_score": 0
    },
    {
      "ts_code": "000720.SZ",
      "name": "新能泰山",
      "trade_date": "20260331",
      "close": 5.46,
      "pct_chg": 10.08,
      "industry": "电网设备",
      "basic_score": 166.68457026243954,
      "total_score": 166.68457026243954,
      "score_details": {
        "first_limit_time": 30.0,
        "order_quality": 15.127236180611161,
        "liquidity": 8.557334081828369,
        "money_flow": 10.0,
        "sector": 3.0,
        "dragon_list": 100.0,
        "sentiment": 0
      },
      "first_limit_time": "94703",
      "seal_ratio": 0.06361809030558079,
      "seal_to_mv": 0.009111045196385227,
      "fd_amount": 62507805.0,
      "amount": 982547648.0,
      "float_mv": 6860662377.66,
      "turnover_rate": 15.42,
      "turnover_20ma_ratio": 0.7072002245485107,
      "volume_ratio": 1.92,
      "main_net_amount": 219658100.0,
      "main_net_ratio": 22.36,
      "medium_net_amount": -105833300.0,
      "is_hot_sector": false,
      "dragon_score": 100.0,
      "sentiment_score": 0
    },
    {
      "ts_code": "301048.SZ",
      "name": "金鹰重工",
      "trade_date": "20260331",
      "close": 13.09,
      "pct_chg": 19.98,
      "industry": "轨交设备",
      "basic_score": 159.0495537914119,
      "total_score": 159.0495537914119,
      "score_details": {
        "first_limit_time": 24.0,
        "order_quality": 15.104408268073714,
        "liquidity": 12.795145523338189,
        "money_flow": 10.0,
        "sector": 10.0,
        "dragon_list": 87.15,
        "sentiment": 0
      },
      "first_limit_time": "100942",
      "seal_ratio": 0.05220413403685652,
      "seal_to_mv": 0.004579686927539134,
      "fd_amount": 31972325.0,
      "amount": 612448144.0,
      "float_mv": 6981334206.0,
      "turnover_rate": 9.21,
      "turnover_20ma_ratio": 1.1385436570014564,
      "volume_ratio": 8.05,
      "main_net_amount": 134459300.0,
      "main_net_ratio": 21.95,
      "medium_net_amount": -72482700.0,
      "is_hot_sector": true,
      "dragon_score": 87.15,
      "sentiment_score": 0
    },
    {
      "ts_code": "002342.SZ",
      "name": "巨力索具",
      "trade_date": "20260331",
      "close": 14.4,
      "pct_chg": 10.01,
      "industry": "通用设备",
      "basic_score": 152.7282919711631,
      "total_score": 152.7282919711631,
      "score_details": {
        "first_limit_time": 30.0,
        "order_quality": 15.145805988100204,
        "liquidity": 10.107485983062881,
        "money_flow": 10.0,
        "sector": 3.0,
        "dragon_list": 84.475,
        "sentiment": 0
      },
      "first_limit_time": "94003",
      "seal_ratio": 0.07290299405010221,
      "seal_to_mv": 0.013204765930418368,
      "fd_amount": 181532995.0,
      "amount": 2490062272.0,
      "float_mv": 13747536000.0,
      "turnover_rate": 18.45,
      "turnover_20ma_ratio": 1.3922457949188645,
      "volume_ratio": 1.48,
      "main_net_amount": 709431900.0,
      "main_net_ratio": 28.49,
      "medium_net_amount": -287766300.0,
      "is_hot_sector": false,
      "dragon_score": 84.475,
      "sentiment_score": 0
    },
    {
      "ts_code": "301079.SZ",
      "name": "邵阳液压",
      "trade_date": "20260331",
      "close": 44.76,
      "pct_chg": 20.0,
      "industry": "工程机械",
      "basic_score": 140.46812683591358,
      "total_score": 140.46812683591358,
      "score_details": {
        "first_limit_time": 30.0,
        "order_quality": 15.210616209274253,
        "liquidity": 4.407510626639328,
        "money_flow": 10.0,
        "sector": 3.0,
        "dragon_list": 77.85,
        "sentiment": 0
      },
      "first_limit_time": "95427",
      "seal_ratio": 0.10530810463712655,
      "seal_to_mv": 0.026346735049532687,
      "fd_amount": 81989667.0,
      "amount": 778569392.0,
      "float_mv": 3111947907.24,
      "turnover_rate": 26.24,