{
  "success": true,
  "trade_date": "20260320",
  "candidates": [
    {
      "ts_code": "603687.SH",
      "name": "大胜达",
      "trade_date": "20260320",
      "close": 13.39,
      "pct_chg": 10.02,
      "industry": "包装印刷",
      "basic_score": 173.1057879563186,
      "total_score": 173.1057879563186,
      "score_details": {
        "first_limit_time": 30.0,
        "order_quality": 25.0,
        "liquidity": 5.105787956318612,
        "money_flow": 10.0,
        "sector": 3.0,
        "dragon_list": 100.0,
        "sentiment": 0
      },
      "first_limit_time": "92502",
      "seal_ratio": 5.866358420137448,
      "seal_to_mv": 0.049490190857035606,
      "fd_amount": 364491626.0,
      "amount": 62132519.0,
      "float_mv": 7364926658.96,
      "turnover_rate": 0.84,
      "turnover_20ma_ratio": 0.9467363868955834,
      "volume_ratio": 0.27,
      "main_net_amount": 16524800.0,
      "main_net_ratio": 26.6,
      "medium_net_amount": -9085100.0,
      "is_hot_sector": false,
      "dragon_score": 100.0,
      "sentiment_score": 0
    },
    {
      "ts_code": "002256.SZ",
      "name": "兆新股份",
      "trade_date": "20260320",
      "close": 4.49,
      "pct_chg": 10.05,
      "industry": "电力",
      "basic_score": 167.65135950403737,
      "total_score": 167.65135950403737,
      "score_details": {
        "first_limit_time": 30.0,
        "order_quality": 15.137858542457698,
        "liquidity": 9.513500961579672,
        "money_flow": 10.0,
        "sector": 3.0,
        "dragon_list": 100.0,
        "sentiment": 0
      },
      "first_limit_time": "93151",
      "seal_ratio": 0.06892927122884918,
      "seal_to_mv": 0.009710674243241029,
      "fd_amount": 85069488.0,
      "amount": 1234156208.0,
      "float_mv": 8760410026.03,
      "turnover_rate": 14.2,
      "turnover_20ma_ratio": 1.0440502884739014,
      "volume_ratio": 1.22,
      "main_net_amount": 516466400.0,
      "main_net_ratio": 41.85,
      "medium_net_amount": -261622400.00000003,
      "is_hot_sector": false,
      "dragon_score": 100.0,
      "sentiment_score": 0
    },
    {
      "ts_code": "002150.SZ",
      "name": "正泰电源",
      "trade_date": "20260320",
      "close": 34.88,
      "pct_chg": 10.0,
      "industry": "通用设备",
      "basic_score": 149.62208766025762,
      "total_score": 149.62208766025762,
      "score_details": {
        "first_limit_time": 30.0,
        "order_quality": 15.328371461549981,
        "liquidity": 8.918716198707642,
        "money_flow": 10.0,
        "sector": 3.0,
        "dragon_list": 82.375,
        "sentiment": 0
      },
      "first_limit_time": "93718",
      "seal_ratio": 0.1641857307749905,
      "seal_to_mv": 0.013517665272406694,
      "fd_amount": 169052582.0,
      "amount": 1029642352.0,
      "float_mv": 12506048832.64,
      "turnover_rate": 8.37,
      "turnover_20ma_ratio": 1.105614859612293,
      "volume_ratio": 0.74,
      "main_net_amount": 308750800.0,
      "main_net_ratio": 29.99,
      "medium_net_amount": -161946000.0,
      "is_hot_sector": false,
      "dragon_score": 82.375,
      "sentiment_score": 0
    },
    {
      "ts_code": "000862.SZ",
      "name": "银星能源",
      "trade_date": "20260320",
      "close": 8.44,
      "pct_chg": 10.04,
      "industry": "电力",
      "basic_score": 147.52404433490062,
      "total_score": 147.52404433490062,
      "score_details": {
        "first_limit_time": 18.0,
        "order_quality": 15.126182560109557,
        "liquidity": 10.522861774791071,
        "money_flow": 10.0,
        "sector": 3.0,
        "dragon_list": 90.875,
        "sentiment": 0
      },
      "first_limit_time": "110645",
      "seal_ratio": 0.0630912800547781,
      "seal_to_mv": 0.01349154459439438,
      "fd_amount": 71505756.0,
      "amount": 1133369872.0,
      "float_mv": 5300042222.72,
      "turnover_rate": 22.39,
      "turnover_20ma_ratio": 1.6718585324373214,
      "volume_ratio": 2.07,
      "main_net_amount": 266165099.99999997,
      "main_net_ratio": 23.48,
      "medium_net_amount": -118985900.0,
      "is_hot_sector": false,
      "dragon_score": 90.875,
      "sentiment_score": 0
    },
    {
      "ts_code": "300827.SZ",
      "name": "上能电气",
      "trade_date": "20260320",
      "close": 44.93,
      "pct_chg": 20.01,
      "industry": "光伏设备",
      "basic_score": 137.83981949302006,
      "total_score": 137.83981949302006,
      "score_details": {
        "first_limit_time": 24.0,
        "order_quality": 15.021168450102467,
        "liquidity": 12.443651042917583,
        "money_flow": 10.0,
        "sector": 10.0,
        "dragon_list": 66.375,
        "sentiment": 0
      },
      "first_limit_time": "102403",
      "seal_ratio": 0.010584225051233416,
      "seal_to_mv": 0.0035340678258589764,
      "fd_amount": 61171296.0,
      "amount": 5779478016.0,
      "float_mv": 17309032823.99,
      "turnover_rate": 34.83,
      "turnover_20ma_ratio": 1.783095312875275,
      "volume_ratio": 3.92,
      "main_net_amount": 1172966400.0,
      "main_net_ratio": 20.3,
      "medium_net_amount": -799825500.0,
      "is_hot_sector": true,
      "dragon_score": 66.375,
      "sentiment_score": 0
    },
    {
      "ts_code": "600617.SH",
      "name": "国新能源",
      "trade_date": "20260320",
      "close": 3.99,
      "pct_chg": 9.92,
      "industry": "燃气Ⅱ",
      "basic_score": 130.7347396163329,
      "total_score": 130.7347396163329,
      "score_details": {
        "first_limit_time": 30.0,
        "order_quality": 15.169494091271792,
        "liquidity": 11.390245525061104,
        "money_flow": 10.0,
        "sector": 3.0,
        "dragon_list": 61.175,
        "sentiment": 0
      },
      "first_limit_time": "93658",
      "seal_ratio": 0.08474704563589636,
      "seal_to_mv": 0.008276565852804982,
      "fd_amount": 58634630.0,
      "amount": 691878160.0,
      "float_mv": 7084415329.11,
      "turnover_rate": 9.98,
      "turnover_20ma_ratio": 0.937073657518331,
      "volume_ratio": 2.56,
      "main_net_amount": 113235900.0,
      "main_net_ratio": 16.37,
      "medium_net_amount": -47655600.00000001,
      "is_hot_sector": false,
      "dragon_score": 61.175,
      "sentiment_score": 0
    },
    {
      "ts_code": "002310.SZ",
      "name": "东方新能",
      "trade_date": "20260320",
      "close": 3.48,
      "pct_chg": 10.13,
      "industry": "电力",
      "basic_score": 128.44350303115763,
      "total_score": 128.44350303115763,
      "score_details": {
        "first_limit_time": 30.0,
        "order_quality": 15.059480979383908,
        "liquidity": 11.03902205177373,
        "money_flow": 5.27,
        "sector": 3.0,
        "dragon_list": 64.075,
        "sentiment": 0
      },
      "first_limit_time": "93212",
      "seal_ratio": 0.0297404896919543,
      "seal_to_mv": 0.005350295042733706,
      "fd_amount": 78182219.0,
      "amount": 2628814112.0,
      "float_mv": 14612693015.16,
      "turnover_rate": 18.28,
      "turnover_20ma_ratio": 1.5417066155321184,
      "volume_ratio": 1.74,
      "main_net_amount": 14301800.0,
      "main_net_ratio": 0.54,
      "medium_net_amount": -83475600.0,
      "is_hot_sector": false,
      "dragon_score": 64.075,
      "sentiment_score": 0
    },
    {
      "ts_code": "603381.SH",
      "name": "永臻股份",
      "trade_date": "20260320",
      "close": 28.22,
      "pct_chg": 10.02,
      "industry": "光伏设备",
      "basic_score": 126.9416625267571,
      "total_score": 126.9416625267571,
      "score_details": {
        "first_limit_time": 12.0,
        "order_quality": 15.038698206443263,
        "liquidity": 7.707964320313825,
        "money_flow": 9.42,
        "sector": 10.0,
        "dragon_list": 72.775,
        "sentiment": 0
      },
      "first_limit_time": "130022",
      "seal_ratio": 0.01934910322163089,
      "seal_to_mv": 0.0030447588845794876,
      "fd_amount": 12212910.0,
      "amount": 631187392.0,
      "float_mv": 4011125498.92,
      "turnover_rate": 16.21,